ParcelID,WorkType,Contractor,Status,Applied Date
494111100371,REROOF SHINGLES,A & A ROOFING CONTRACTORS INC,CLOSED,06/01/17
494104670224,REROOF SHINGLES ONLY,A & J ROOFING CORP,CLOSED,02/03/16
494103050230,SEE 19-242 REROOF FLAT,A & J ROOFING CORP,DUPLICATE,01/16/19
494103050230,REROOF FLAT,A & J ROOFING CORP,CLOSED,01/16/19
494113100880,RE-ROOF SHINGLE & FLAT,A & J ROOFING CORP,APPROVED,04/11/22
494104AB0210,REROOF FLAT ONLY,A & M FOX ROOFING,CLOSED,06/05/14
494106012240,REROOF TILE AND FLAT,A & M FOX ROOFING,CLOSED,10/24/14
494105330830,REROOF TILE ONLY,A & M FOX ROOFING,CLOSED,02/29/16
494113111680,REROOF SHINGLE AND FLAT,A & M FOX ROOFING,CLOSED,04/13/16
494108051480,REROOF SHINGLES,A & M FOX ROOFING,CLOSED,12/12/16
494108051350,REROOF FLAT,A & M FOX ROOFING,CLOSED,07/10/18
494108110190,REROOF SHINGLE/3200 SF,A & M FOX ROOFING,CLOSED,11/22/06
494105050330,REROOF SHINGLE AND FLAT,A & M FOX ROOFING INC,CLOSED,02/02/18
494114020540,REROOF FLAT AND TILE,A & M FOX ROOFING INC,CLOSED,03/13/18
494113090230,RE-ROOFING FLAT,A & M FOX ROOFING INC,CLOSED,03/19/20
494103031590,REROOF TILE AND FLAT,A & M FOX ROOFING INC,APPROVED,12/16/22
494109050920,REROOF FLAT,A & M FOX ROOFING INC,CLOSED,03/29/23
494110042960,REROOF SHINGLE & FLAT,A & M FOX ROOFING INC,CLOSED,04/18/23
494216090890,RE-ROOF SHINGLE AND FLAT,A CROWN ROOFING,CLOSED,01/23/20
494103182170,ROOF /SEE 01-3608,A GOOD REROOFING SVS INC,VOID,01/28/00
494103182170,FLA RM W/EL-BRADY,HOME OWNER,CLOSED,02/23/00
494103182510,PAILLANT/ROOF,A GOOD REROOFING SVS INC,CLOSED,03/29/00
494103060710,FIRE DAMAGE/BIBBER,ACE CRAFT CONSTRUCTION INC,CLOSED,07/31/00
494104210390,ROZS/ROOF,A GOOD REROOFING SVS INC,CLOSED,10/26/00
494106021120,ZAVATTARO/ROOF,A GOOD REROOFING SVS INC,CLOSED,05/21/01
494103182170,BRADY/REROOF 3000 SF,A GOOD REROOFING SVS INC,CLOSED,10/18/01
494111090050,WALKER/ROOF,A GOOD REROOFING SVS INC,CLOSED,10/18/01
494111100113,KURLAND/ROOF,A GOOD REROOFING SVS INC,CLOSED,10/18/01
494111100112,KOSILLA/STERN/ROOF,A GOOD REROOFING SVS INC,CLOSED,10/18/01
494110020320,GLICK/REROOF,A GOOD REROOFING SVS INC,CLOSED,01/23/03
494104AA0460,VALENTINE/REROOF,A GOOD REROOFING SVS INC,CLOSED,02/19/04
494111090050,,A GOOD REROOFING SVS INC,VOID,04/13/98
494103080060,DEWHURST,A GOOD REROOFING SVS INC,CLOSED,10/21/98
494110020790,CAVALIER,A GOOD REROOFING SVS INC,CLOSED,11/10/98
494113111590,,A GOOD REROOFING SVS INC,CLOSED,06/28/99
494113101050,,A GOOD REROOFING SVS INC,CLOSED,09/22/99
494113070590,REROOF,A GOOD REROOFING SVS INC,CLOSED,10/29/99
494104410180,RROOF SHINGLE/FLAT 4100SF,A GOOD ROOFING COMPANY,CLOSED,04/13/06
494103052680,ROOM ADDITION/475 SF,HOME OWNER,CLOSED,07/21/06
494104410310,REROOF TILE/3013 SF,A GOOD ROOFING COMPANY,CLOSED,11/09/06
494110023130,REROOF SHINGLE AND FLAT,A LEAKPROOF ROOF INC,CLOSED,05/17/19
494103182420,INST. IMP 10 WINDOWS/ 7 D,A LEAKPROOF ROOF INC,CLOSED,10/21/19
494104470680,PAVER DRIVEWAY,A LEAKPROOF ROOF INC,APPROVED,11/24/21
494113024080,SEE 22-1431,A LEAKPROOF ROOF INC,DUPLICATE,03/27/22
494113024080,REROOF FLAT,A LEAKPROOF ROOF INC,APPROVED,03/27/22
494108050160,REROOF FLAT,A LICENSED ROOFING COMPANY,CLOSED,07/19/11
494106012080,REROOF SHINGLE,A LICENSED ROOFING COMPANY,CLOSED,12/16/11
494103182310,RE-ROOF FLAT ROOF,A LICENSED ROOFING COMPANY,CLOSED,03/15/12
494105330100,RE-ROOF TILE/2155SF,A LICENSED ROOFING COMPANY,CLOSED,12/13/13
494105330120,REROOF TILE ONLY,A LICENSED ROOFING COMPANY,CLOSED,01/22/14
494105330110,REROOF TILE ONLY,A LICENSED ROOFING COMPANY,CLOSED,01/22/14
494105330130,REROOF TILE ONLY,A LICENSED ROOFING COMPANY,CLOSED,01/22/14
494105330080,ROOFING & RE-ROOFING,A LICENSED ROOFING COMPANY,CLOSED,03/06/14
494114080540,FLAT ONLY,A LICENSED ROOFING COMPANY,CLOSED,03/18/14
494109050640,REROOF FLAT ONLY,A LICENSED ROOFING COMPANY,CLOSED,04/11/14
494103030140,REROOF TILE AND FLAT,A LICENSED ROOFING COMPANY,CLOSED,03/03/15
494103033000,REROOF FLAT AND TILE,A LICENSED ROOFING COMPANY,CLOSED,06/22/15
494104470140,REROOF TILE ONLY,A LICENSED ROOFING COMPANY,CLOSED,06/22/15
494109020150,REROOF TILE AND FLAT,A LICENSED ROOFING COMPANY,CLOSED,04/11/16
494105090960,REROOF SHINGLE,A LICENSED ROOFING COMPANY,CLOSED,07/17/17
494111230790,REROOF 12-2688,A MOORE CONSTRUCTION & ROOFING,VOID,03/17/06
494108051300,LIBERATON/REROOF,A MOORE CONSTRUCTION & ROOFING,CLOSED,03/17/06
494114091630,NO WK DONE PER STAN,A MOORE CONSTRUCTION & ROOFING,VOID,03/17/06
494104670226,EXP - SEE NEW #09-2872,A MOORE CONSTRUCTION & ROOFING,VOID,03/17/06
494110032840,RE-ROOF TILES/FLAT,A PERFECT SEAL ROOFING,CLOSED,07/10/12
494104600077,REROOF SHINGLES,A PLUS ROOFING CORP,CLOSED,04/09/20
494104600077,SEE-20-1387,A PLUS ROOFING CORP,DUPLICATE,04/13/20
494105051690,REROOF SHINGLE AND FLAT,A PLUS ROOFING CORP,APPROVED,04/01/21
494216090510,REROOF FLAT TO SHINGLE,A ROOFING SPECIALISTS,CLOSED,04/03/14
494111AD0320,SHAKER VILLAGE/REROOF,A ROOFING SPECIALISTS,CLOSED,02/27/02
494109021770,GREENBERG/RE-ROOF,A ROOFING SPECIALISTS,CLOSED,06/10/02
494113111570,RENEW FOR98-2961/FIRE2015,A ROOFING SPECIALISTS,CLOSED,06/10/02
494111AD2230,SHAKER VILLAGE/RE-ROOF,A ROOFING SPECIALISTS,CLOSED,06/10/02
494111AD2210,SHAKER VILLAGE/RE-ROOF,A ROOFING SPECIALISTS,CLOSED,07/18/02
494111AD1450,SHAKER VILLAGE/RE-ROOF,A ROOFING SPECIALISTS,CLOSED,07/18/02
494111AD1060,SHAKER VILLAGE/ROOF-VOID,A ROOFING SPECIALISTS,VOID,07/18/02
494108AC0000,LIME BAY COND/RE-ROOF,A ROOFING SPECIALISTS,CLOSED,08/05/02
494111AD1520,SHAKER VILLAGE/RE-ROOF,A ROOFING SPECIALISTS,CLOSED,09/13/02
494111AD0430,SHAKER VILLAGE/RE-ROOF,A ROOFING SPECIALISTS,CLOSED,09/13/02
494111AD1170,SHAKER VILLAGE/RE-ROOF,A ROOFING SPECIALISTS,CLOSED,09/13/02
494111AD0010,RED/SHAKER VILLAGE/REROOF,A ROOFING SPECIALISTS,CLOSED,12/12/02
494106070020,BELFORT ASSN/REROOF,A ROOFING SPECIALISTS,CLOSED,01/10/03
494106070020,BELFORT BD Q/REROOF,A ROOFING SPECIALISTS,VOID,02/06/03
494106070020,BELFORT BD O/REROOF,A ROOFING SPECIALISTS,CLOSED,02/28/03
494111AD0210,SHAKER VILLAGE/REROOF,A ROOFING SPECIALISTS,CLOSED,03/24/03
494113111670,RENEWAL/LUNNG REROOF,A ROOFING SPECIALISTS,CLOSED,03/26/03
494109021770,REROOF RENEWAL/GREENBERG,A ROOFING SPECIALISTS,CLOSED,03/26/03
494106070020,BELFORT F /ROOF CONC DECK,A ROOFING SPECIALISTS,CLOSED,04/25/03
494103032590,KRIEGER/RE-ROOF,A ROOFING SPECIALISTS,VOID,05/06/03
494103031780,BOYEDJIAN/RE-ROOF,A ROOFING SPECIALISTS,VOID,05/06/03
494111AD0310,SHAKER VILLAGE/RE-ROOF,A ROOFING SPECIALISTS,CLOSED,05/12/03
494111AD1870,NO WORK DONE/ROOF/SH VILL,A ROOFING SPECIALISTS,VOID,05/12/03
494111AD2490,RE-ROOF/SHAKER VILLAGE,A ROOFING SPECIALISTS,CLOSED,06/12/03
494111AD0990,SHAKERVILLAGE/RE-ROOF,A ROOFING SPECIALISTS,CLOSED,06/12/03
494111AD1750,SHAKER VILLAGE/RE-ROOF,A ROOFING SPECIALISTS,CLOSED,07/24/03
494111AD2440,SHAKER VILLAGE/RE-ROOF,A ROOFING SPECIALISTS,VOID,07/31/03
494111AD2380,SHAKER VILLAGE/RE-ROOF,A ROOFING SPECIALISTS,CLOSED,07/31/03
494106070020,BELFORT Q/REPUCH 03-371,A ROOFING SPECIALISTS,CLOSED,04/30/04
494103032590,KRIEGER/REPURCH ROOF,A ROOFING SPECIALISTS,CLOSED,04/30/04
494104340210,MORALES/RE-ROOF,A ROOFING SPECIALISTS,VOID,06/14/04
494103031780,BOYAOJIAN/RE-ROOF,A ROOFING SPECIALISTS,VOID,06/15/04
494104340210,REPURCH REROOF 04-1933,A ROOFING SPECIALISTS,CLOSED,03/30/05
494103031780,REPURCHASE ROOF 04 1950,A ROOFING SPECIALISTS,CLOSED,03/31/05
494103090370,HW/SHINGLE ROOF 3500 S.F,A ROOFING SPECIALISTS,CLOSED,11/09/05
494106100020,HW/RE-ROOF FLAT,A ROOFING SPECIALISTS,CLOSED,11/29/05
494106100020,SEE NEW #06-7410-REROOF,A ROOFING SPECIALISTS,VOID,11/29/05
494106140010,,A ROOFING SPECIALISTS,CLOSED,01/21/06
494106JE0260,TRENT B CONDO/REROOF,A ROOFING SPECIALISTS,CLOSED,03/22/06
494106DG0220,FAIRFAX CONDO/REROOF,A ROOFING SPECIALISTS,CLOSED,03/24/06
494106DJ0100,RANDAZZO/REROOF,A ROOFING SPECIALISTS,VOID,03/23/06
494106100020,REROOF FLAT/22400 SF,A ROOFING SPECIALISTS,CLOSED,04/18/06
494106100020,REROOF FLAT/22400 SF,A ROOFING SPECIALISTS,CLOSED,04/18/06
494106100020,REROOF FLAT/22400 SF,A ROOFING SPECIALISTS,CLOSED,04/18/06
494106060020,REROOF FLAT/ 16000 SF,A ROOFING SPECIALISTS,CLOSED,04/28/06
494106GH0120,REROOF FLAT/22400 SF,A ROOFING SPECIALISTS,CLOSED,05/17/06
494103080520,RROOF SHINGLE&FLAT/2500SF,A ROOFING SPECIALISTS,CLOSED,06/01/06
494103060410,RROOF SHINGLE&FLAT/2650SF,A ROOFING SPECIALISTS,CLOSED,06/09/06
494114100390,RAMIREZ-ROOF 1450,A ROOFING SPECIALISTS,CLOSED,06/23/06
494105033110,SCHRODER/REROOF,A ROOFING SPECIALISTS,CLOSED,06/23/06
494106100020,REROOF FLAT 240000 SQ FT,A ROOFING SPECIALISTS,CLOSED,07/08/06
494112AD0000,REROOF SHINGLE/6800 SF,A ROOFING SPECIALISTS,CLOSED,07/17/06
494112AH0000,REROOF SHINGLE/8000 SF,A ROOFING SPECIALISTS,CLOSED,07/17/06
494112AJ0000,REROOF SHINGLE/8500 SF,A ROOFING SPECIALISTS,CLOSED,07/17/06
494112BA0000,REROOF SHINGLES/8000 SF,A ROOFING SPECIALISTS,CLOSED,07/17/06
494104670276,SHINGLE 1940 REROOF,A ROOFING SPECIALISTS,CLOSED,07/27/06
494104670268,GATTO/REROOF 1910 SHINGLE,A ROOFING SPECIALISTS,CLOSED,07/27/06
494106100020,REROOF FLAT/22400 SF,A ROOFING SPECIALISTS,CLOSED,09/01/06
494106100020,RENEW 05-5512/REROOF FLAT,A ROOFING SPECIALISTS,CLOSED,10/31/06
494112310030,LAKES OF CARRAIGE HILLS/F,A ROOFING SPECIALISTS,CLOSED,02/08/07
494106090020,REROOF SHINGLES 300,A ROOFING SPECIALISTS,CLOSED,04/19/07
494106090020,SHINGLES REROOF 4300,A ROOFING SPECIALISTS,CLOSED,04/19/07
494106090020,REROOF-15735,A ROOFING SPECIALISTS,CLOSED,05/02/07
494105031270,REROOF FLAT ONLY/390SF,A ROOFING SPECIALISTS,CLOSED,06/21/07
494217051070,REROOF TILE TO SHINGLE,A ROOFING SPECIALISTS,CLOSED,04/15/08
494106060020,REROOF FLAT,A ROOFING SPECIALISTS,CLOSED,05/30/08
494106060020,REROOF FLAT,A ROOFING SPECIALISTS,CLOSED,07/11/08
494106CG0350,REROOF FLAT DECK,A ROOFING SPECIALISTS,CLOSED,09/12/08
494109021770,,A ROOFING SPECIALISTS,VOID,03/26/98
494103060050,,A ROOFING SPECIALISTS,CLOSED,03/26/98
494103162570,,A ROOFING SPECIALISTS,CLOSED,06/12/98
494113111570,LUONG,A ROOFING SPECIALISTS,VOID,08/12/98
494106060020,ASHMONT-RE-ROOF FLAT DECK,A ROOFING SPECIALISTS,CLOSED,12/23/08
494105030140,REROOF SHINGLE,A ROOFING SPECIALISTS,CLOSED,06/11/09
494111AD2170,REROOF FLAT,A ROOFING SPECIALISTS,CLOSED,07/10/09
494111AD0820,REROOF FLAT 880 SQ FT,A ROOFING SPECIALISTS,CLOSED,09/25/09
494111AD2390,REROOF FLAT 880 SQ FT,A ROOFING SPECIALISTS,CLOSED,09/25/09
494111010240,FLAT ROOF ONLY/540SF,A ROOFING SPECIALISTS,CANCELLED,12/14/09
494105031110,REROOF SHINGLE ONLY,A ROOFING SPECIALISTS,CLOSED,07/01/10
494104210640,REPL. ROOF MANSARD,ELITE BUILDERS GROUP INC,CLOSED,06/15/10
494112AK0002,RE-ROOF FLAT/SLOPE-SMC,A ROOFING SPECIALISTS,CLOSED,05/03/12
494106021650,REROOF SHINGLES/1585SF,A ROOFING SPECIALISTS,CLOSED,05/30/12
494217041610,REROOF FLAT 225SF,A ROOFING SPECIALISTS,CLOSED,06/04/13
494105170010,MODIDFY/UPGRADE-FACADE,INTERSTRUCT INC,CLOSED,07/30/12
494105170010,MODIDFY/UPGRADE-FACADE,INTERSTRUCT INC,CLOSED,07/30/12
494216090510,REROOF FLAT TO SHINGLE,A ROOFING SPECIALISTS,CLOSED,04/03/14
494104310060,REROOF FLAT ONLY-SMC,A SQUARE ROOFING INC.,CLOSED,02/25/15
494104310060,DUP SEE 15-813,A SQUARE ROOFING INC.,DUPLICATE,05/15/15
494217042100,KRASS/ROOF,A TECH ROOFING,CLOSED,06/20/00
494114100180,HENRY SKRILL,A TECH ROOFING,CLOSED,07/18/00
494103033710,MANSHELD/RE-ROOF,A TECH ROOFING,CLOSED,04/10/02
494103041580,ALEKSICH/RE-ROOF,A TECH ROOFING,CLOSED,04/29/02
494103060260,WALTERS/RE-ROOF,A TECH ROOFING,CLOSED,03/29/04
494113090070,JENULIS/RE-ROOF,A TECH ROOFING,CLOSED,05/18/04
494103060280,MARTINEZ/RE-ROOF,A TECH ROOFING,CLOSED,07/28/04
494110030210,DESOUSA/SHINGLE & FLAT RF,A TECH ROOFING,CLOSED,11/18/04
494217021470,BLARICUM/SHINGLE,A TECH ROOFING,CLOSED,03/07/07
494103080060,DEWHURST,A TECH ROOFING,CLOSED,05/12/98
494108051810,SAL CANGELOSI,A TECH ROOFING,CLOSED,06/08/98
494103182430,,A TECH ROOFING,CLOSED,07/23/99
494106020300,,A TECH ROOFING,CLOSED,10/28/99
494103060900,RUTIGLIANO,A TECH ROOFING,CLOSED,11/30/99
494113071460,REROOF SHINGLES AND FLAT,A TECH ROOFING,CLOSED BY REPORT,10/27/09
494106020300,RE-ROOF FLAT,A TECH ROOFING,CLOSED BY REPORT,03/09/10
494114080360,REROOF FLAT DECK/2400SF,A TECH ROOFING,CLOSED,03/04/15
494110021680,REROOF SHINGLES AND FLAT,A TECH ROOFING,CLOSED,04/14/15
494106011740,REROOF SHINGLES,A TECH ROOFING,CLOSED,12/02/16
494113023640,RE-ROOF FLAT/SHINGLE,"A TO Z ROOFING, INC.",CLOSED,12/10/09
494110020180,REROOF SHINGLE/FLAT/2464S,A 1 JOSE JOSE ROOFING CORP,CLOSED,01/09/08
494216110150,REROOF FLAT,A 1 MODIFIED ROOFING INC,CLOSED,02/02/23
494110022760,RE-ROOF SHINGLE & FLAT,A 1 MODIFIED ROOFING INC,CLOSED,05/12/23
494113100800,SEE 19-3634,A 1 MODIFIED ROOFING INC,DUPLICATE,07/12/23
494105090690,PHOTOVOLTAIC W/ EL,A.G.U. ROOFING & SOLAR LLC EC,APPROVED,05/28/25
494104290210,REROOF METAL SHINGLE ONLY,A.I.B. ROOFING & CONSTRUCTION,CLOSED,12/27/23
494110042700,RE-ROOF SHINGLES,"A.S PERMAUL ROOFING, INC.",CLOSED,06/26/12
494103052420,RE-ROOF SHINGLE & FLAT,"A.S. PERMAUL ROOFING, INC.",CLOSED,02/25/19
494103182330,RE-ROOF SHINGLES,"A.S. PERMAUL ROOFING, INC.",CLOSED,03/15/19
494103210480,RE-ROOF FLAT,"A.S. PERMAUL ROOFING, INC.",CLOSED,04/08/19
494110022190,REROOF SHINGLE ONLY,"A.S. PERMAUL ROOFING, INC.",CLOSED,04/11/19
494114100370,REROOF SHINGLE AND FLAT,"A.S. PERMAUL ROOFING, INC.",CLOSED,07/16/19
494216091110,REROOF SHINGLE ONLY,"A.S. PERMAUL ROOFING, INC.",CLOSED,02/10/20
494217041750,REROOF SINGLE AND FLAT,"A.S. PERMAUL ROOFING, INC.",CLOSED,05/26/20
494110040170,,"A.S. PERMAUL ROOFING, INC.",IN PLAN CHECK,07/07/20
494113112020,RE-ROOFING SHINGLES & FLA,"A.S. PERMAUL ROOFING, INC.",CLOSED,08/11/20
494105340610,REROOF TILE,"A.S. PERMAUL ROOFING, INC.",APPROVED,08/31/20
494103181330,SEE 20-3775,"A.S. PERMAUL ROOFING, INC.",CANCELLED,09/09/20
494104410170,REROOF SHINGLE & FLAT,"A.S. PERMAUL ROOFING, INC.",CLOSED,03/08/21
494110021240,REROOF SHINGLE AND FLAT,"A.S. PERMAUL ROOFING, INC.",CLOSED,03/08/21
494110022710,REROOFING SHINGLE & FLAT,"A.S. PERMAUL ROOFING, INC.",CLOSED,05/03/22
494113050550,REROOF SHINGLE AND FLAT,"A.S. PERMAUL ROOFING, INC.",APPROVED,08/31/22
494113050510,REROOF SHINGLE AND FLAT,"A.S. PERMAUL ROOFING, INC.",CLOSED,11/24/22
494113050640,REROOF SHINGLE,"A.S. PERMAUL ROOFING, INC.",CLOSED,12/01/22
494103060110,RE-ROOF SHINGLE & FLAT,"A.S. PERMAUL ROOFING, INC.",CLOSED,12/02/22
494114080480,REROOF SHINGLE,"A.S. PERMAUL ROOFING, INC.",CLOSED,02/28/23
494114120040,REROOF FLAT,"A.S. PERMAUL ROOFING, INC.",CLOSED,02/28/23
494104210200,,"A.S. PERMAUL ROOFING, INC.",IN PLAN CHECK,05/03/23
494104210200,RE-ROOF TILE & FLAT,"A.S. PERMAUL ROOFING, INC.",CLOSED,05/03/23
494104420610,SHINGLE RE-ROOF,"A.S. PERMAUL ROOFING, INC.",CLOSED,04/18/24
494109031870,REROOF TILE & FLAT,"A.S. PERMAUL ROOFING, INC.",CLOSED,07/04/24
494110032450,RE-ROOF SHINGLE,"A.S. PERMAUL ROOFING, INC.",CLOSED,07/21/24
494109030730,REROOF FLAT,"A.S. PERMAUL ROOFING, INC.",CLOSED,11/13/24
484134AE0000,REROOF SHINGLES,"A.S. PERMAUL ROOFING, INC.",CLOSED,11/13/24
484134AE0000,REROOF SHINGLE,"A.S. PERMAUL ROOFING, INC.",CLOSED,11/13/24
484134AE0000,REROOF SHINGLE,"A.S. PERMAUL ROOFING, INC.",CLOSED,11/13/24
484134AE0000,REROOF SHINGLE,"A.S. PERMAUL ROOFING, INC.",CLOSED,11/13/24
484134AE0000,REROOF SHINGLE,"A.S. PERMAUL ROOFING, INC.",CLOSED,11/13/24
484134AE0000,REROOF SHINGLE,"A.S. PERMAUL ROOFING, INC.",CLOSED,11/13/24
494104670163,RE-ROOF SHINGLES,"A.S. PERMAUL ROOFING, INC.",CLOSED,01/01/25
494104210230,REROOF FLAT & SHINGLES,"A.S. PERMAUL ROOFING, INC.",CLOSED,01/16/25
494108050430,REROOF FLAT,"A.S. PERMAUL ROOFING, INC.",CLOSED,07/02/25
494103182360,CXLD SEE 13-1294,A+ ROOFING CONTRACTORS,CANCELLED,10/27/08
494111300010,CHELSEA BLDG 1 -6 UNIT TO,LENNAR HOMES LLC,CERTIFICATE ISSUED,06/24/15
494111300010,CHELSEA BD 7 4 UNITS T/H,LENNAR HOMESLLC,CERTIFICATE ISSUED,06/24/15
494111300010,CHELSEA BLDG 6,LENNAR HOMES LLC,CERTIFICATE ISSUED,06/24/15
494111300010,CHELSEA BLDG 1 -6 UNIT TO,LENNAR HOMES LLC,CERTIFICATE ISSUED,06/24/15
494111300010,CHELSEA BLDG 4 UNITS 1-7,LENNAR HOMES LLC,CERTIFICATE ISSUED,06/24/15
494111300010,NEW CONST.-CABANA,LENNAR HOMES LLC,CERTIFICATE ISSUED,06/24/15
494111300010,MAIL KIOSK 2,LENNAR HOMES LLC,CLOSED,10/13/15
494111300020,MAIL KIOSK 1,LENNAR HOMES LLC,CLOSED,10/13/15
494111300010,NEW CONT. LOT1-7 BLDG 3,LENNAR HOMES LLC,CERTIFICATE ISSUED,06/24/15
494111300010,CHELSEA BLDG 2 UNITS 1-6,LENNAR HOMES LLC,CERTIFICATE ISSUED,06/24/15
494111300020,CHELSEA BLDG 8 UNITS 1-6,LENNAR HOMES LLC,CERTIFICATE ISSUED,06/24/15
494111300020,CHELSEA BLDG 11 UNITS 1-6,LENNAR HOMES LLC,CERTIFICATE ISSUED,06/24/15
494111300020,CHELSEA,LENNAR HOMES LLC,CERTIFICATE ISSUED,06/24/15
494111300020,CHELSEA BLDG 9 UNITS 1-7,LENNAR HOMES LLC,CERTIFICATE ISSUED,06/24/15
494217041490,RE-ROOF SHINGLE & FLAT,A+ ROOFING CONTRACTORS,CLOSED,11/11/19
494103051070,REROOF SHINGLE & FLAT,A+ ROOFING CONTRACTORS,APPROVED,03/29/22
494114021350,REROOF FLAT ONLY,"A&D ALL IN ONE ROOFING, LLC",CLOSED,03/15/23
494114021350,PATIO CONVERSION TO ROOM,HOME OWNER,CLOSED,03/16/23
494111100192,REROOF SHINGLE,A&E BROTHERS ROOFING INC,CLOSED,12/20/19
494110030680,REROOF SHINGLE,A&E BROTHERS ROOFING INC,APPROVED,06/04/20
494110022380,REROOF SHINGLE,A&E BROTHERS ROOFING INC,CLOSED,02/17/21
494111100100,REROOF SHINGLE ONLY,A&E BROTHERS ROOFING INC,CLOSED,05/14/21
494103182430,REROOF FLAT,A&E BROTHERS ROOFING INC,CLOSED,05/19/21
494103182430,TILE ROOF REPAIRS,A&E BROTHERS ROOFING INC,CLOSED,07/06/21
494112241330,RE-ROOF SHINGLE & FLAT,A&E BROTHERS ROOFING INC,CLOSED,07/13/23
494105160300,,A&E BROTHERS ROOFING INC,IN PLAN CHECK,11/22/23
494105160450,RE-ROOF SHINGLE & FLAT,A&E BROTHERS ROOFING INC,CLOSED,11/22/23
494103161000,RE-ROOF SHINGLE & FLAT,A&E BROTHERS ROOFING INC,APPROVED,08/07/24
494113102640,REROOF SHINGLE AND FLAT,A&J ROOFING CORP,CLOSED,07/17/20
494103042080,RE-ROOF TILE & FLAT,A&J ROOFING CORP,CLOSED,10/28/20
494113040760,REROOF SHINGLE & FLAT,A&J ROOFING CORP,CLOSED,02/23/21
494111100473,REROOF/NO WK DONE,A&J ROOFING CORP,CANCELLED,02/24/21
494104480011,BONAIRE@WOODMONT/ROOF,A&M FOX ROOFING,CLOSED,08/13/01
494105042030,EXP-UNSAFE/ENCL RM & BATH,CARL LIPUMA INDIVIDUAL,VOID,01/17/02
494104BG0000,BONAIRE VILLAGE/REP TRUSS,HENRY J DELUCA INDIVIDUAL,CLOSED,03/25/02
494105060750,SLUTE/RE-ROOF,A&M FOX ROOFING,CLOSED,07/18/02
494103161280,MARTIN/REROOF,A&M FOX ROOFING,CLOSED,09/23/02
494103161440,SCIABBICA/REROOF FLAT,A&M FOX ROOFING,CLOSED,02/24/03
494103161540,VANLENGEN/RE-ROOF,A&M FOX ROOFING,CLOSED,05/21/03
494110051690,MCKENNA/RE-ROOF,A&M FOX ROOFING,CLOSED,08/08/03
494113110780,FORSYTHE/REROOF,A&M FOX ROOFING,CLOSED,11/12/03
494109030190,BARTOLO/ROOF,A&M FOX ROOFING,CLOSED,04/28/04
494109030200,BONFIGLIO/REROOF,A&M FOX ROOFING,CLOSED,07/29/04
494109050920,REROOF FLAT AND TILE,A&M FOX ROOFING,CLOSED,03/23/05
494103181500,REROOF TILE TO SHINGLE/FL,A&M FOX ROOFING,CLOSED,05/03/05
494103032900,REROOF TILE,A&M FOX ROOFING,CLOSED,08/09/05
494105AD0000,CYPRESS @WOODMONT/REROOF,A&M FOX ROOFING,CLOSED,02/10/06
494104480011,SMC-ROOF SHINGLE&FLAT,A&M FOX ROOFING,CLOSED,05/03/06
494104AJ0000,RROOF SHINGLE&FLAT/844 SF,A&M FOX ROOFING,APPROVED,05/03/06
494109052310,REROOF TILE/1700 SF,A&M FOX ROOFING,CLOSED,11/17/06
494104CA0000,REROOF 600 SQ FT TILE,A&M FOX ROOFING,CLOSED,02/20/07
494104CG0000,REROOF FLAT W/SAME 400,A&M FOX ROOFING,CLOSED,02/20/07
494104BD0000,REROOF TILE TO TILE 600,A&M FOX ROOFING,CLOSED,02/20/07
494108051480,REROOF FLAT,A&M FOX ROOFING,CLOSED,05/23/07
494113071630,TILE REROOF/1500SF,A&M FOX ROOFING,CLOSED,01/10/08
494113102320,SHINGLES 1970 S F,A&M FOX ROOFING,CLOSED,05/16/08
494103031320,REROOF TILE AND FLAT,A&M FOX ROOFING,CLOSED,08/03/09
494106012180,REROOF FLAT 500 SF,A&M FOX ROOFING,CLOSED,11/18/09
494217020820,RE-ROOF FLAT,A&M FOX ROOFING,CLOSED,01/06/10
494103080460,REROOF FLAT ONLY/2000SF,A&M FOX ROOFING,CLOSED,03/10/10
494104CA0000,TILE REROOF ONLY/9000SF,A&M FOX ROOFING,CLOSED,04/15/10
494109051240,RE-ROOF TILE,A&M FOX ROOFING,CLOSED,01/19/11
494114110790,REROOF FLAT,A&M FOX ROOFING,CLOSED,11/01/11
494108210290,WELLS-RE-ROOF TILES,A&M FOX ROOFING,CLOSED,10/26/12
494113102270,REROOF FLAT ONLY/450SF,A&M FOX ROOFING,CLOSED,07/01/13
494217052280,MULLIGAN-RE-ROOF TILE,A&M FOX ROOFING,CLOSED,07/15/13
494217052260,RE-ROOF SHINGLES & FLAT/1,A&M FOX ROOFING,CLOSED,05/20/14
494106011740,REROOF SHINGLES,A TECH ROOFING,CLOSED,12/02/16
494105010160,RE-ROOF FLAT (ONLY),A-1 DURAN ROOFING,CLOSED,11/12/19
494105010160,REROOF FLAT,A-1 DURAN ROOFING,CLOSED,11/23/20
494105010160,REROOF FLAT,A-1 DURAN ROOFING,APPROVED,12/28/20
494105010160,REROOF FLAT,A-1 DURAN ROOFING,CLOSED,02/10/23
494113023110,ASPHALTIC SHINGLES/1200SF,A-1 JOSE JOSE ROOFING CORP,CLOSED,06/28/07
494113100800,REROOF SHINGLE & FLAT,A-1 MODIFIED ROOFING INC,CLOSED,08/14/19
494113090380,REROOF FLAT,A-1 MODIFIED ROOFING INC,CLOSED,10/05/23
494113090040,REROOF FLAT,A-1 MODIFIED ROOFING INC,APPROVED,01/25/24
494113081290,REROOF TILE & FLAT,A-1 MODIFIED ROOFING INC,APPROVED,03/21/24
494106020810,RE ROOF FLAT,A-1 MODIFIED ROOFING INC,CLOSED,04/01/24
494113090360,SHINGLE RE-ROOF,A-1 MODIFIED ROOFING INC,APPROVED,04/17/24
494113081290,SEE 24-1384,A-1 MODIFIED ROOFING INC,DUPLICATE,05/16/24
494111270290,RE-ROOF SHINGLES,A-1 MODIFIED ROOFING INC,CLOSED,07/16/24
494111270280,RE-ROOFING SHINGLE,A-1 MODIFIED ROOFING INC,CLOSED,07/16/24
494104210260,REROOF FLAT,A-1 MODIFIED ROOFING INC,APPROVED,03/21/25
494216091130,REROOF SHINGLE AND FLAT,A-1 MODIFIED ROOFING INC,CLOSED,03/26/25
494104210670,REROOF FLAT CLUBHOUSE & P,A-1 MODIFIED ROOFING INC,CLOSED,07/16/25
494114030050,RE-ROOF FLAT,A-1 MODIFIED ROOFING INC,CLOSED,08/11/25
494109031480,RE-ROOF TILE & FLAT,A-1 MODIFIED ROOFING INC,CLOSED,08/29/25
494111060070,,A-1 ROOFING & WATERPROOFING JT,IN PLAN CHECK,12/03/25
494111100441,REROOF SHINGLE AND FLAT,A-1 SUNSHINE ROOFING,CLOSED,11/08/17
494105051600,RE-ROOF FLAT,A-1 SUNSHINE ROOFING,CLOSED,02/28/18
494111100050,REROOF SHINGLE,A-1 SUNSHINE ROOFING,CLOSED,03/29/18
494103190720,REROOF SHINGLE AND FLAT,A-1 SUNSHINE ROOFING,CLOSED,03/29/18
494108110280,REROOF FLAT ONLY,A-1 SUNSHINE ROOFING,CLOSED,05/08/18
494103190710,REROOF SHINGLE,A-1 SUNSHINE ROOFING,CLOSED,06/01/18
494110023090,REROOF SHINGLE AND FLAT,A-1 SUNSHINE ROOFING,CLOSED,06/12/18
494103130020,REROOF SHINGLE,A-1 SUNSHINE ROOFING,CLOSED,08/27/19
494111141240,SMC- MANSARD WOOD SHAKE,A-1 SUNSHINE ROOFING,CLOSED,11/12/19
494111060030,SHINGLE/FLAT-CANCEL NO WK,A-1 SUNSHINE ROOFING,CANCELLED,03/30/20
494105030610,RE-ROOF FLAT,A-1 SUNSHINE ROOFING,CLOSED,04/01/20
494114030930,RE-ROOF FLAT,A-1 SUNSHINE ROOFING,APPROVED,07/22/20
494110030410,RE-ROOF SHINGLE & FLAT,A-1 SUNSHINE ROOFING,CLOSED,02/16/21
494103032470,REROOF FLAT,A-1 SUNSHINE ROOFING,CLOSED,04/16/21
494110030400,REROOF TILE ONLY,A-1 SUNSHINE ROOFING,APPROVED,06/29/21
494113102970,REROOF SHINGLES AND FLAT,A-1 SUNSHINE ROOFING,CLOSED,06/29/21
494111060030,SEE 20-1268 DUPLICATE,A-1 SUNSHINE ROOFING,DUPLICATE,07/22/21
494110030810,RE-ROOF SHINGLES & FLAT,A-1 SUNSHINE ROOFING,APPROVED,12/26/24
494110030810,SEE 24-5714,A-1 SUNSHINE ROOFING,DUPLICATE,01/03/25
494111100371,REROOF SHINGLES,A & A ROOFING CONTRACTORS INC,CLOSED,06/01/17
494105030650,HW/SHINGLE SF 2968,AAA CUSTOM ROOFING,CLOSED,01/06/06
494113100430,HW/SHINGLE ROOF SF 2525,AAA CUSTOM ROOFING,CLOSED,01/06/06
494113100150,LOPEZ/SHINGLE SF 2658,AAA CUSTOM ROOFING,CLOSED,01/06/06
494108052030,BEDELL/ROOF SF 2925,AAA CUSTOM ROOFING,CLOSED,01/06/06
494113041030,HW/SHINGLE ROOF SF 1479,AAA CUSTOM ROOFING,CLOSED,01/09/06
494108050280,HW/SHINGLE ROOF-3000,AAA CUSTOM ROOFING,CLOSED,01/09/06
494103190570,CORONA/REROOF,AAA CUSTOM ROOFING,CLOSED,02/01/06
494105030440,MACLELLAN/REROOF,AAA CUSTOM ROOFING,CLOSED,02/01/06
494106011620,BERNSTEIN/REROOF,AAA CUSTOM ROOFING,CLOSED,02/16/06
494113101680,PINKSTON/REROOF,AAA CUSTOM ROOFING,CLOSED,02/16/06
494113071560,THERRIEN/REROOF,AAA CUSTOM ROOFING,CLOSED,02/16/06
494105051790,FREUND/REROOF,AAA CUSTOM ROOFING,CLOSED,02/16/06
494105090900,LURO/REROOF,AAA CUSTOM ROOFING,CLOSED,02/16/06
494105160790,REROOF-SEE 11-2761,AAA CUSTOM ROOFING,VOID,02/16/06
494105160790,WESTLAKE HOA/REROOF,AAA CUSTOM ROOFING,CLOSED,02/16/06
494105160790,WESTLAKE HOA/REROOF,AAA CUSTOM ROOFING,CLOSED,02/16/06
494105160790,WESTLAKE HOA/REROOF,AAA CUSTOM ROOFING,CLOSED,02/16/06
494105160790,WESTLAKE HOA/REROOF,AAA CUSTOM ROOFING,CLOSED,02/16/06
494105160790,WESTLAKE HOA/REROOF,AAA CUSTOM ROOFING,CLOSED,02/16/06
494105160790,WESTLAKE HOA/REROOF,AAA CUSTOM ROOFING,CLOSED,02/16/06
494105160790,WESTLAKE HOA/REROOF,AAA CUSTOM ROOFING,CLOSED,02/16/06
494114050050,GERONEMUS/REROOF,AAA CUSTOM ROOFING,CLOSED,02/22/06
494104AA0530,SANTANGELO/REROOF,AAA CUSTOM ROOFING,CLOSED,02/22/06
494103190590,STOUT/REROOF,AAA CUSTOM ROOFING,CLOSED,03/07/06
494113101210,FLANNERY/REROOF,AAA CUSTOM ROOFING,CLOSED,03/08/06
494105151720,SPRING LAKE/REROOF,AAA CUSTOM ROOFING,CLOSED,03/23/06
494105151720,SPRINGLAKE VILLAS/REROOF,AAA CUSTOM ROOFING,CLOSED,03/23/06
494105151720,SPRINGLAKE VILLAS/REROOF,AAA CUSTOM ROOFING,CLOSED,03/23/06
494105151720,SPRINGLAKE VILLAS/REROOF,AAA CUSTOM ROOFING,CLOSED,03/23/06
494105151720,SPRINGLAKE VILLAS/REROOF,AAA CUSTOM ROOFING,CLOSED,03/23/06
494105151720,SPRINGLAKE VILLAS/REROOF,AAA CUSTOM ROOFING,CLOSED,03/23/06
494105151720,SPRINGLAKE VILLAS/REROOF,AAA CUSTOM ROOFING,CLOSED,03/23/06
494105151720,SPRINGLAKE VILLAS/REROOF,AAA CUSTOM ROOFING,CLOSED,03/23/06
494105151720,SPRINGLAKE VILLAS/REROOF,AAA CUSTOM ROOFING,CLOSED,03/23/06
494105151720,SPRINGLAKE VILLAS/REROOF,AAA CUSTOM ROOFING,CLOSED,03/23/06
494105151720,SPRINGLAKE VILLAS/REROOF,AAA CUSTOM ROOFING,CLOSED,03/23/06
494105151720,SPRINGLAKE VILLAS/REROOF,AAA CUSTOM ROOFING,CLOSED,03/23/06
494105151720,SPRINGLAKE VILLAS/REROOF,AAA CUSTOM ROOFING,CLOSED,03/23/06
494113101810,COPELAND/REROOF,AAA CUSTOM ROOFING,CLOSED,03/23/06
494105151720,SPRINGLAKE VILLAS/REROOF,AAA CUSTOM ROOFING,CLOSED,03/23/06
494105151720,SPRINGLAKE VILLAS/REROOF,AAA CUSTOM ROOFING,CLOSED,03/23/06
494105151720,SPRINGLAKE VILLAS/REROOF,AAA CUSTOM ROOFING,CLOSED,03/23/06
494105151720,SPRINGLAKE VILLAS/REROOF,AAA CUSTOM ROOFING,CLOSED,03/23/06
494105151720,SPRINGLAKE VILLAS/REROOF,AAA CUSTOM ROOFING,CLOSED,03/23/06
494106012060,RROOF SHINGLE&FLAT/3000SF,AAA CUSTOM ROOFING,CLOSED,05/01/06
494113112300,RROOF SHINGLE&FLAT/3000SF,AAA CUSTOM ROOFING,CLOSED,05/01/06
494104AA0490,REROOF SHINGLE/2700 SF,AAA CUSTOM ROOFING,CLOSED,05/01/06
494110020170,REROOF SHINGLE/2600 SF,AAA CUSTOM ROOFING,CLOSED,05/01/06
494106011550,RROOF SHINGLE&FLAT/2800SF,AAA CUSTOM ROOFING,CLOSED,05/01/06
494105230810,REROOF SHINGLE/2675 SF,AAA CUSTOM ROOFING,CLOSED,05/01/06
494113100840,RROOF SHINGLE&FLAT/3300SF,AAA CUSTOM ROOFING,CLOSED,05/01/06
494105051440,RROOF SHINGLE&FLAT/2577SF,AAA CUSTOM ROOFING,CLOSED,05/01/06
494105030550,RROOF SHINGLE&FLAT/2800SF,AAA CUSTOM ROOFING,CLOSED,05/08/06
494113071850,REROOF SHINGLE/ 2512 SF,AAA CUSTOM ROOFING,CLOSED,05/17/06
494113020210,REROOF SHINGLE/ 2000 SF,AAA CUSTOM ROOFING,CLOSED,05/17/06
494111110890,REROOF SHINGLE/2640SF,AAA CUSTOM ROOFING,CLOSED,06/07/06
494111BJ0000,REROOF SHINGLE/8000SF,AAA CUSTOM ROOFING,CLOSED,06/07/06
494104AA0190,RROOF SHINGLE&FLAT/3600SF,AAA CUSTOM ROOFING,CANCELLED,06/07/06
494113101620,RROOF SHINGLE&FLAT/2300SF,AAA CUSTOM ROOFING,CLOSED,06/07/06
494111BJ0000,ROOF SHINGLE&FLAT/11100SF,AAA CUSTOM ROOFING,CLOSED,06/07/06
494111BJ0000,RROOF SHINGLE/FLAT11100SF,AAA CUSTOM ROOFING,CLOSED,06/07/06
494105162221,REROOF SHINGLES 7000,AAA CUSTOM ROOFING,CLOSED,06/17/06
494105160790,MANAGEMENT/REROOF 8900,AAA CUSTOM ROOFING,CLOSED,06/17/06
494105160790,J&L MANAGEMENT/7850 SQ FT,AAA CUSTOM ROOFING,CLOSED,06/17/06
494104290180,REROOF SHINGLE/3283 SF,AAA CUSTOM ROOFING,CLOSED,08/02/06
494105151720,REROOF SHINGLE/6783 SF,AAA CUSTOM ROOFING,CLOSED,08/04/06
494105160790,REROOF SHINGLE/11000 SF,AAA CUSTOM ROOFING,CLOSED,10/25/06
494105160790,REROOF SHINGLE/11500 SF,AAA CUSTOM ROOFING,CLOSED,10/25/06
494105160790,REROOF SHINGLE-7200 SF,AAA CUSTOM ROOFING,CLOSED,10/25/06
494105160790,RROOF SHINGL&FLAT/12050SF,AAA CUSTOM ROOFING,CLOSED,10/25/06
494105160790,RROOF SHINGL&FLAT/12000SF,AAA CUSTOM ROOFING,CLOSED,10/25/06
494105160790,REROOF SHINGLE/10400 SF,AAA CUSTOM ROOFING,CLOSED,10/25/06
494105160790,REROOF SHINGLE/10700 SF,AAA CUSTOM ROOFING,CLOSED,10/25/06
494105160790,RROOF SHINGLE&FLAT/7350SF,AAA CUSTOM ROOFING,CLOSED,10/25/06
494105160790,RROOF SHINGL&FLAT/10650SF,AAA CUSTOM ROOFING,CLOSED,10/25/06
494105160790,RROOF SHINGLE&FLAT/7150SF,AAA CUSTOM ROOFING,CLOSED,10/25/06
494105160790,REROOF SHINGLE/10800 SF,AAA CUSTOM ROOFING,CLOSED,10/25/06
494105160790,REROOF SHINGLE/8900 SF,AAA CUSTOM ROOFING,CLOSED,10/25/06
494105160790,RROOF SHINGL&FLAT/11150SF,AAA CUSTOM ROOFING,CLOSED,10/25/06
494103052150,REROOF SHINGLE AND FLAT,AAA ROOFING SERVICES INC,CLOSED,07/18/18
494111092601,REROOF SHINGLE,AAA ROOFING SERVICES INC,CLOSED,10/09/18
494108212400,RE-ROOF TILE,AAA ROOFMASTERS INC,CLOSED,10/19/20
494105140120,RENEWAL 98-2600,AABCO ROOFING INC,CLOSED,01/11/00
494113023620,RENEWAL 98-2852,AABCO ROOFING INC,CLOSED,01/11/00
494113022140,RENEWAL 98-2072,AABCO ROOFING INC,CLOSED,01/11/00
494103162180,DOYLE-ROOF,AABCO ROOFING INC,CLOSED,03/07/00
494104320120,LUSTY/ROOF,AABCO ROOFING INC,CLOSED,03/09/00
494105032460,PASQUALE/ROOF,AABCO ROOFING INC,CLOSED,03/23/00
494103052580,BREZINSKI/ROOF,AABCO ROOFING INC,CLOSED,03/29/00
494103061280,BROWN/ROOF,AABCO ROOFING INC,CLOSED,04/10/00
494109070090,LANG/ROOF,AABCO ROOFING INC,CLOSED,04/14/00
494110043840,WITHROW/ROOF,AABCO ROOFING INC,CLOSED,04/18/00
494103182540,WHITMIER/ROOF,AABCO ROOFING INC,VOID,04/18/00
494103161730,KROLL/ROOF,AABCO ROOFING INC,CLOSED,05/05/00
494103090060,LESSON/ROOF,AABCO ROOFING INC,CLOSED,06/09/00
494103181050,RODRIGUEZ/ROOF,AABCO ROOFING INC,CLOSED,06/21/00
494110050510,RE-ROOF,AABCO ROOFING INC,CLOSED,08/03/00
494110044100,HYATT/ROOF,AABCO ROOFING INC,CLOSED,08/18/00
494110052540,BULANDA/ROOF,AABCO ROOFING INC,CLOSED,08/25/00
494105040840,GIMPEL-ROOF,AABCO ROOFING INC,CLOSED,08/29/00
494103050310,SCHAD/1500 SF SHINGLE,AABCO ROOFING INC,CLOSED,09/14/00
494103162200,WALTON/ROOF,AABCO ROOFING INC,CLOSED,09/29/00
494110041360,LEBEDOFF/ROOF,AABCO ROOFING INC,CLOSED,10/25/00
494106023190,GREEN/ROOF,AABCO ROOFING INC,CLOSED,10/25/00
494105050710,HUBBARD/ROOF,AABCO ROOFING INC,CLOSED,10/25/00
494103081210,DOSSANTOS/ROOF,AABCO ROOFING INC,CLOSED,12/28/00
494103180760,BOTTOM/ROOF,AABCO ROOFING INC,CLOSED,12/28/00
494114090460,SCHWATZMAN/ROOF,AABCO ROOFING INC,CLOSED,01/17/01
494103180100,KIRSCHNER/ROOF,AABCO ROOFING INC,CLOSED,02/26/01
494105050730,DINUCCI/ROOF,AABCO ROOFING INC,CLOSED,03/08/01
494104420270,LAPAZ/ROOF,AABCO ROOFING INC,CLOSED,06/28/01
494103052740,GARRISON/ROOF,AABCO ROOFING INC,CLOSED,07/05/01
494114110270,ZAKROFF/ROOF,AABCO ROOFING INC,CLOSED,07/10/01
494103040180,PARNES/ROOF,AABCO ROOFING INC,CLOSED,08/08/01
494103051150,ABRAHAM/ROOF,AABCO ROOFING INC,CLOSED,08/08/01
494104440340,FELDER/ROOF,AABCO ROOFING INC,CLOSED,08/31/01
494103180890,CARABAL/REROOF,AABCO ROOFING INC,CLOSED,09/24/01
494103182540,WHITMEIR/ROOF,AABCO ROOFING INC,CLOSED,10/03/01
494104420100,JAME/ROOF,AABCO ROOFING INC,CLOSED,10/03/01
494105041770,REROOF/RABIN,AABCO ROOFING INC,CLOSED,10/17/01
494113071250,JONES/ROOF,AABCO ROOFING INC,CLOSED,10/19/01
494109310010,CITY OF TAMARAC/REROOF,AABCO ROOFING INC,CLOSED,02/20/02
494105042600,URIST/REROOF,AABCO ROOFING INC,CLOSED,03/26/02
494105140020,GARTENHAUS/ROOF,AABCO ROOFING INC,CLOSED,04/04/02
494114030730,"WOLFE,REROOF",AABCO ROOFING INC,CLOSED,04/05/02
494105050410,DOMINGUES/RE-ROOF,AABCO ROOFING INC,CLOSED,04/18/02
494105032680,GOROWITZ/RE-ROOF,AABCO ROOFING INC,CLOSED,05/01/02
494103041670,RICHMAN/RE-ROOF,AABCO ROOFING INC,CLOSED,05/07/02
494103070290,GRILLO/RE-ROOF,AABCO ROOFING INC,CLOSED,05/23/02
494103161450,EISEN/RE-ROOF,AABCO ROOFING INC,CLOSED,07/09/02
494103161560,GOODRIDGE/RE-ROOF,AABCO ROOFING INC,CLOSED,07/12/02
494106020780,KLEINBERG/REROOF 2250,AABCO ROOFING INC,CLOSED,08/23/02
494105051210,PAVLOW/RE-ROOF,AABCO ROOFING INC,CLOSED,09/12/02
494109020990,GROBLEWSKI/REROOF,AABCO ROOFING INC,CLOSED,10/08/02
494108051640,WEAVER/REROOF,AABCO ROOFING INC,CLOSED,10/15/02
494104210380,DAVID/REROOF,AABCO ROOFING INC,CLOSED,01/13/03
494103040380,RACHLIN/REROOF,AABCO ROOFING INC,CLOSED,01/13/03
494114090030,GAMBLE/REROOF,AABCO ROOFING INC,CLOSED,01/24/03
494105060990,AMBERSON/REROOF,AABCO ROOFING INC,CLOSED,01/29/03
494103081051,SCHEIDTER/REROOF,AABCO ROOFING INC,CLOSED,02/05/03
494103051140,CUCCHIARA/REROOF,AABCO ROOFING INC,CLOSED,02/13/03
494103090780,GOLD/REROOF,AABCO ROOFING INC,CLOSED,03/06/03
494103033700,PECK/REROOF,AABCO ROOFING INC,CLOSED,03/12/03
494103033580,GREENLEAF/RE-ROOF,AABCO ROOFING INC,CLOSED,03/21/03
494103090770,HADDOCK/RE-ROOF,AABCO ROOFING INC,CLOSED,05/16/03
494104310090,KURDZIEL/REROOF,AABCO ROOFING INC,CLOSED,05/16/03
494104AC0100,RE-ROOF/FISHMAN,AABCO ROOFING INC,CLOSED,06/05/03
494103161600,BROWN/RE-ROOF,AABCO ROOFING INC,CLOSED,06/06/03
494103162110,BAKER/ROOF,AABCO ROOFING INC,CLOSED,06/18/03
494104340300,TONG/RE-ROOF,AABCO ROOFING INC,CLOSED,06/19/03
494104490230,WENSMAN/RE-ROOF,AABCO ROOFING INC,CLOSED,07/01/03
494105042760,REYES/REROOF SHINGLE,AABCO ROOFING INC,CLOSED,07/22/03
494103042690,MITCHELL/RE-ROOF,AABCO ROOFING INC,CLOSED,08/26/03
494103030490,GALANTE/RE-ROOF,AABCO ROOFING INC,CLOSED,10/09/03
494104490300,POOLE/RE-ROOF,AABCO ROOFING INC,CLOSED,10/15/03
494103190370,PERDUE/RE-ROOF,AABCO ROOFING INC,CLOSED,10/20/03
494108051290,BROWN/REROOF,AABCO ROOFING INC,CLOSED,01/16/04
494109310010,TMRC WATER PLANT/REROOF,AABCO ROOFING INC,CLOSED,02/09/04
494103041490,DEFORTE/REROOF,AABCO ROOFING INC,CLOSED,02/17/04
494103030390,WILZIG/REROOF,AABCO ROOFING INC,CLOSED,02/25/04
494103042520,JASSON/REROOF,AABCO ROOFING INC,CLOSED,03/05/04
494105161990,MAIONE/REROOF,AABCO ROOFING INC,CLOSED,03/12/04
494104710010,TAMARAC REC/REROOF,AABCO ROOFING INC,CLOSED,03/18/04
494110031540,STANTON/RE-ROOF,AABCO ROOFING INC,CLOSED,05/28/04
494109310010,CITY OF TAMARAC/RE-ROOF,AABCO ROOFING INC,CLOSED,06/10/04
494103162350,CANIZALES/REROOF,AABCO ROOFING INC,CLOSED,06/15/04
494103182090,HOFKIN/RE-ROOF,AABCO ROOFING INC,CLOSED,09/15/04
494110042110,MALEPART/RE-ROOF,AABCO ROOFING INC,CLOSED,10/21/04
494106021790,STAATS/SHINGLE ROOF,AABCO ROOFING INC,CLOSED,11/19/04
494105060540,MERSAL/ROOF,AABCO ROOFING INC,CLOSED,01/28/05
494104440460,REROOF TILE TO TILE,AABCO ROOFING INC,CLOSED,03/25/05
494103033070,REROOF FLAT AND TILE,AABCO ROOFING INC,CLOSED,04/15/05
494105030070,RENEW06-2244/MULLER/RROOF,AABCO ROOFING INC,VOID,04/22/05
494104490280,REROOF TILE/BLANKENSHIP,AABCO ROOFING INC,CLOSED,05/18/05
494106020460,REROOF TILE TO SHINGLE,AABCO ROOFING INC,CLOSED,06/03/05
494104420130,LUIS TORRES /BELYS WILSON,AABCO ROOFING INC,CLOSED,06/16/05
494113071530,REROOF FLAT AND TILE,AABCO ROOFING INC,CLOSED,09/23/05
494113022910,REROOF FLAT,AABCO ROOFING INC,CLOSED,09/23/05
494105051280,HW/FLAT SF 400,AABCO ROOFING INC,CLOSED,12/16/05
494104470520,MARTIN/REROOF,AABCO ROOFING INC,CLOSED,03/02/06
494104460390,CONSTANTINO/REROOF,AABCO ROOFING INC,CLOSED,03/10/06
494104460450,SALTZMAN/REROOF,AABCO ROOFING INC,CLOSED,03/10/06
494105030070,MULLER/RENEW05-1426/RROOF,AABCO ROOFING INC,CLOSED,03/23/06
494103032320,REROOF TILE/2650 SF,AABCO ROOFING INC,CLOSED,05/19/06
494103033310,REROOF TILE/1500 SF,AABCO ROOFING INC,CLOSED,09/29/06
494103190430,RROOF SHINGLE&FLAT/2900SF,AABCO ROOFING INC,CLOSED,10/06/06
494114110260,REROOF TILE/4400 SF,AABCO ROOFING INC,CLOSED,11/07/06
494106022130,MASON/REROOF(SHING)1800,AABCO ROOFING INC,CLOSED,01/11/07
494106010880,RROOF SHINGLE&FLAT/2500SF,AABCO ROOFING INC,CLOSED,01/26/07
494104420470,REROOF TILE TO SHINGLES 4,AABCO ROOFING INC,CLOSED,04/04/07
494110041080,REROOF SHINGLES W/FLAT,AABCO ROOFING INC,CLOSED,06/12/07
494111100272,KAUFFMAN/SHINGLE/FLAT,AABCO ROOFING INC,CLOSED,11/02/07
494113030360,RERF TILE W/ PF&FLAT/1450,AABCO ROOFING INC,CLOSED,03/26/08
494104460920,RE-ROOF TILE TO TILE RF,AABCO ROOFING INC,CLOSED,04/03/08
494106012600,TITLE TO TILE W/FLAT,AABCO ROOFING INC,CLOSED,04/04/08
494104460690,REROOF TILE,AABCO ROOFING INC,CLOSED,06/24/08
494104420460,REROOF TILE TO SHINGLE,AABCO ROOFING INC,CLOSED,07/11/08
494103160700,RUMULY,AABCO ROOFING INC,CLOSED,05/13/98
494103181540,"POWERS, WILLIAM",AABCO ROOFING INC,CLOSED,05/28/98
494113022140,GRACE THOMAS,AABCO ROOFING INC,VOID,06/04/98
494113111750,ANDY MCKENZIE,AABCO ROOFING INC,CLOSED,06/04/98
494103160300,,AABCO ROOFING INC,CLOSED,06/18/98
494105090230,KENT,AABCO ROOFING INC,CLOSED,07/01/98
494105140120,"BRUSWICK, GLORIA",AABCO ROOFING INC,VOID,07/15/98
494103050710,AUBREY,AABCO ROOFING INC,CLOSED,07/17/98
494113023620,,AABCO ROOFING INC,VOID,08/03/98
494103162380,KREUTER,AABCO ROOFING INC,CLOSED,08/20/98
494105042160,,AABCO ROOFING INC,CLOSED,09/18/98
494105050190,ROBERTSON,AABCO ROOFING INC,CLOSED,10/21/98
494104AC0610,,AABCO ROOFING INC,CLOSED,10/28/98
494103181260,,AABCO ROOFING INC,CLOSED,01/20/99
494104440300,,AABCO ROOFING INC,CLOSED,01/29/99
494103060990,,AABCO ROOFING INC,CLOSED,02/26/99
494103182300,,AABCO ROOFING INC,CLOSED,03/23/99
494105061080,,AABCO ROOFING INC,CLOSED,03/25/99
494105100170,,AABCO ROOFING INC,CLOSED,04/27/99
494103100940,,AABCO ROOFING INC,CLOSED,05/03/99
494105032430,,AABCO ROOFING INC,CLOSED,05/03/99
494105100080,,AABCO ROOFING INC,CLOSED,05/06/99
494103180840,,AABCO ROOFING INC,CLOSED,05/28/99
494105230470,,AABCO ROOFING INC,CLOSED,06/09/99
494105033040,,AABCO ROOFING INC,CLOSED,07/02/99
494103182640,,AABCO ROOFING INC,CLOSED,07/13/99
494104330190,,AABCO ROOFING INC,CLOSED,07/20/99
494113021630,,AABCO ROOFING INC,CLOSED,08/11/99
494113021650,,AABCO ROOFING INC,CLOSED,08/23/99
494103181630,JOHN MCCABE,AABCO ROOFING INC,CLOSED,11/19/99
494104320280,ALLEN KATZ,AABCO ROOFING INC,CLOSED,11/19/99
494113030240,REROOF FLAT ONLY 800,AABCO ROOFING INC,CLOSED,12/18/08
494108110400,SIEBOLD-SHINGLE AND FLAT,AABCO ROOFING INC,CLOSED,01/13/09
494113030240,SVENELID-RE-ROOF SHINGLE,AABCO ROOFING INC,CLOSED,01/22/09
494103162150,REROOF TILE 3400 SQ FT,AABCO ROOFING INC,CLOSED,04/25/09
494106022900,REROOF TILE TO TILE W/FLA,AABCO ROOFING INC,CLOSED,06/10/09
494108210230,REROOF TILE 2850 SQ FT,AABCO ROOFING INC,CLOSED,11/30/09
494108050780,RE-ROOF SHINGLES,AABCO ROOFING INC,CLOSED,02/16/10
494104461030,REROOF TILE/SLOPE/4300SF,AABCO ROOFING INC,CLOSED,06/01/10
494106022620,REROOF TILE ON SLOPE & FL,AABCO ROOFING INC,CLOSED,08/26/10
494106020680,RE-ROOF SHINGLE/FLAT,AABCO ROOFING INC,CLOSED,12/07/10
EN0000000000,RE-ROOF SHINGLES -C.O.T,AABCO ROOFING INC,CLOSED,01/20/11
494104420410,REROOF TILE TO TILE SLOPE,AABCO ROOFING INC,CLOSED,07/21/11
494114020760,REROOF FLAT ONLY/3100SF,AABCO ROOFING INC,CLOSED,03/22/12
494109310010,RE-ROOF FLAT,AABCO ROOFING INC,CLOSED,04/30/12
494104470530,REROOF TILE/3350SF,AABCO ROOFING INC,CLOSED,05/30/12
494104420380,RE-ROOF TILE TO TILE,AABCO ROOFING INC,CLOSED,06/20/12
494109310010,REROOF SHINGLE ONLY,AABCO ROOFING INC,CLOSED,07/19/12
494103061280,SHINGLE/FLAT*2150SF,AABCO ROOFING INC,CLOSED,06/24/13
494105061020,REROOF FLAT AND TILE,AABCO ROOFING INC,CLOSED,10/09/13
494113101760,,AABCO ROOFING INC.,CLOSED,04/23/98
494106011670,"CONLEY, MICHAEL",AABCO ROOFING INC.,CLOSED,05/01/98
494104670224,REROOF SHINGLES ONLY,A & J ROOFING CORP,CLOSED,02/03/16
494103181240,REROOF SHINGLE,AASTRO ROOFING,CLOSED,11/22/17
494111060040,REROOF SHINGLE AND FLAT,AASTRO ROOFING,CLOSED,07/16/19
494111060040,REROOF SHINGLE AND FLAT,AASTRO ROOFING,CLOSED,07/16/19
494109020410,REROOF TILE AND FLAT,AASTRO ROOFING,CLOSED,08/19/19
494113081390,RE-ROOF SHINGLE & FLAT,AASTRO ROOFING,IN PLAN CHECK,01/29/21
494104670181,REROOF SHINGLE,AASTRO ROOFING,CLOSED,01/29/21
494113081390,SEE 21-420 DUPLICATE,AASTRO ROOFING,DUPLICATE,02/03/21
494104670181,SEE 21-421 DUPLICATE,AASTRO ROOFING,DUPLICATE,02/03/21
494109031650,RE-ROOF TILE,AASTRO ROOFING,CLOSED,02/11/21
494113020810,REROOF TILE,AASTRO ROOFING,CLOSED,03/16/21
494104670171,REROOF SHINGLE,AASTRO ROOFING,CLOSED,03/24/21
494105060140,REROOF FLAT,AASTRO ROOFING,CLOSED,06/29/21
494105060140,SEE 21-3103 DUPLICATE,AASTRO ROOFING,DUPLICATE,07/05/21
494103180330,REROOF SHINGLES,AASTRO ROOFING,CLOSED,07/05/21
494105050130,REROOF FLAT ONLY,AASTRO ROOFING,CLOSED,11/01/21
494217050070,REROOF SHINGLE/SLOPE,AASTRO ROOFING,APPROVED,04/18/22
494103210450,REROOF FLAT,AASTRO ROOFING,APPROVED,05/05/22
494105033050,RE-ROOF SHINGLE & FLAT,AASTRO ROOFING,CLOSED,07/06/23
494103050380,RE-ROOF SHINGLES & FLAT,AASTRO ROOFING,CLOSED,12/19/23
494112240540,RE-ROOF SHINGLES & FLAT,AASTRO ROOFING,CLOSED,02/26/24
494105090380,RE-ROOF SHINGLE & FLAT,AASTRO ROOFING,CLOSED,08/16/24
494105043000,REROOF SINGLE & FLAT,AASTRO ROOFING,CLOSED,09/19/24
494106020390,REROOF SHINGLE AND FLAT,AASTRO ROOFING,CLOSED,09/23/25
494106020390,REROOF SHINGLE AND FLAT,AASTRO ROOFING,CLOSED,09/23/25
494113090640,SHINGLES/FLAT RE-ROOF,AASTRO ROOFING,APPROVED,10/27/25
494109021940,RE-ROOF TILE & FLAT,ABBA ROOFING LLC,APPROVED,04/29/22
494104420480,ALFRED LAKS-ROOF,ABC ROOFING,CLOSED,01/06/00
494104320560,DAVE SUMMER,ABC ROOFING,CLOSED,01/06/00
494110044060,ROOF-NEAL,ABC ROOFING,CLOSED,02/14/00
494110022190,ALVAREZ-ROOF 2500,ABC ROOFING,CLOSED,02/14/00
494103162490,ROOF-DEVITO,ABC ROOFING,CLOSED,02/14/00
494105030770,POSSICK-ROOF,ABC ROOFING,CLOSED,03/03/00
494103181610,WELCH/ROOF,ABC ROOFING,CLOSED,03/22/00
494105230240,RE-ROOF,ABC ROOFING,CLOSED,04/04/00
494110022540,HERMAN/ROOF,ABC ROOFING,CLOSED,04/11/00
494104420110,SALTZMAN/ROOF,ABC ROOFING,CLOSED,05/18/00
494111080550,FRANCISCO/ROOF,ABC ROOFING,CLOSED,06/08/00
494103182470,SHINGLE 2300SF,ABC ROOFING,CLOSED,07/13/00
494103160030,O'CONNOR/ROOF,ABC ROOFING,CLOSED,08/29/00
494109021090,CAVE/ROOF,ABC ROOFING,CLOSED,09/07/00
494106020920,ESPUET/ROOF,ABC ROOFING,CLOSED,10/09/00
494103181580,FORSTER/ROOF,ABC ROOFING,CLOSED,10/10/00
494104320060,SCHWALBERG/ROOF,ABC ROOFING,CLOSED,10/25/00
494114101150,ALEXANDER/ROOF,ABC ROOFING,CLOSED,10/25/00
494104460530,STANTON/ROOF,ABC ROOFING,CLOSED,12/28/00
494111080570,MALONEY/ROOF,ABC ROOFING,CLOSED,01/16/01
494103161180,GARCIA/ROOF,ABC ROOFING,CLOSED,02/15/01
494106012340,LIND/REROOF,ABC ROOFING,CLOSED,06/25/01
494108030200,TAM JEWISH CNTR/RM/DRYWAL,JESS AR CONSTRUCTION CORP,CLOSED,07/30/01
494110022480,CURTIS/ROOF,ABC ROOFING,CLOSED,08/08/01
494104320050,OUDENALLER/ROOF,ABC ROOFING,CLOSED,09/11/01
494104490270,HARDY/ROOF,ABC ROOFING,CLOSED,09/17/01
494105100040,MCCANN/ROOF,ABC ROOFING,CLOSED,09/17/01
494106011360,PERNOCK/ROOF,ABC ROOFING,CLOSED,11/14/01
494103181690,REED/ROOF,ABC ROOFING,CLOSED,11/14/01
494104350160,SMALL/ROOF,ABC ROOFING,CLOSED,11/14/01
494109052160,ALEXANDER/REROOF,ABC ROOFING,CLOSED,12/04/01
494103040790,FERGUSON/ROOF,ABC ROOFING,CLOSED,12/27/01
494105040560,JOSEPH/REROOF,ABC ROOFING,CLOSED,02/05/02
494105230690,OWENS/REROOF,ABC ROOFING,CLOSED,03/12/02
494104490250,LEVITT/REROOF,ABC ROOFING,CLOSED,03/21/02
494103AC0000,ALLSTATE-GARMIZO/NEW BD,ELITE CONSTRUCTION INC,CLOSED,03/25/02
494114020900,MOHL/REROOF,ABC ROOFING,CLOSED,03/29/02
494217020540,ESSEX/REROOF,ABC ROOFING,CLOSED,04/22/02
494104440250,SETTY/RE-ROOF 500 SF,ABC ROOFING,CLOSED,05/02/02
494111080530,BARLOW/RE-ROOF,ABC ROOFING,CLOSED,05/06/02
494108051570,DEAL/RE-ROOF,ABC ROOFING,CLOSED,05/16/02
494103031650,ARCARIO/RE-ROOF,ABC ROOFING,CLOSED,07/15/02
494106012900,RUTH/RE-ROOF,ABC ROOFING,CLOSED,07/18/02
494109051710,NAKONECHNY/RE-ROOF,ABC ROOFING,CLOSED,07/22/02
494114030200,CUSICK/RE-ROOF,ABC ROOFING,CLOSED,07/29/02
494113040770,VANDERVLIS/RE-ROOF,ABC ROOFING,CLOSED,07/29/02
494105050680,RE-ROOF/FINKEL,ABC ROOFING,CLOSED,08/01/02
494105042640,DORN/RE-ROOF SHIP PROG,ABC ROOFING,CLOSED,08/14/02
494109052140,THURSTON/RE-ROOF,ABC ROOFING,CLOSED,08/19/02
494103210680,MERCIER /RE-ROOF,ABC ROOFING,CLOSED,10/01/02
494103033400,ALVAREZ/REROOF,ABC ROOFING,CLOSED,10/22/02
494105042700,WEISS/REROOF,ABC ROOFING,CLOSED,11/07/02
494105230320,SALLUZZI/REROOF,ABC ROOFING,CLOSED,01/03/03
494109360010,DR HAFFIZULLA/INT ALT&SAF,ELITE CONSTRUCTION INC,CERTIFICATE ISSUED,01/23/03
494109360010,DR HAFFIZULLA/INT ALT&SAF,ELITE CONSTRUCTION INC,CERTIFICATE ISSUED,01/23/03
494105230800,ALBERT/REROOF SHINGLE,ABC ROOFING,CLOSED,02/18/03
494114030670,WALKER/REROOF MANS&FLT,ABC ROOFING,CLOSED,02/18/03
494103033360,FALAGUERRA/REROOF,ABC ROOFING,CLOSED,02/18/03
494109022460,ARANGO/REROOF FLAT,ABC ROOFING,CLOSED,02/24/03
494104350050,NOF/REROOF TILE,ABC ROOFING,CLOSED,03/17/03
494105230960,MANDERS/RE-ROOF,ABC ROOFING,CLOSED,05/12/03
494110042200,GROVE/RE-ROOF,ABC ROOFING,CLOSED,06/05/03
494108050350,SMOLISO/RE-ROOF,ABC ROOFING,CLOSED,06/11/03
494103181790,DELDOTTO/RE-ROOF,ABC ROOFING,CLOSED,07/24/03
494104340010,LACOGNATA/RE-ROOF,ABC ROOFING,CLOSED,09/05/03
494105033030,MORCZENSKI/REROOF,ABC ROOFING,CLOSED,12/18/03
494104410260,HODGINS/REROOF,ABC ROOFING,CLOSED,01/15/04
494103033390,HAUG/REROOF,ABC ROOFING,CLOSED,03/02/04
494103040510,BERNSTEIN/RE-ROOF,ABC ROOFING,CLOSED,05/05/04
494106020740,SCHNERDT/RE-ROOF,ABC ROOFING,CLOSED,05/26/04
494106022150,HARPER/RE-ROOF,ABC ROOFING,CLOSED,08/13/04
494103162670,MADRO/REROOF,ABC ROOFING,CLOSED,09/23/04
494104350230,SPOSA/RE-ROOF,ABC ROOFING,CLOSED,10/12/04
494104460930,BRAUNSTEIN/RE-ROOF,ABC ROOFING,CLOSED,10/29/04
494104490200,DAVIS/TILE ROOF,ABC ROOFING,CLOSED,12/01/04
494105230720,SOMMERVILLE/ROOF,ABC ROOFING,CLOSED,12/16/04
494106012330,AMERICO/ROOF,ABC ROOFING,CLOSED,12/16/04
494103162570,OWENS/ROOF,ABC ROOFING,CLOSED,12/16/04
494105050060,SEGREDO/ROOF,ABC ROOFING,CLOSED,12/29/04
494105230270,REROOF SHINGLE,ABC ROOFING,CLOSED,03/21/05
494113070050,RAEFORD/RE-ROOF TILE/FLAT,ABC ROOFING,CLOSED,04/12/05
494105040710,MURRAY/ROOF/SHINGLE/FLAT,ABC ROOFING,CLOSED,04/12/05
494109052460,PARSONS/RE-ROOF TILE/FLAT,ABC ROOFING,CLOSED,04/12/05
494106011870,REROOF TILE/CROSDALE,ABC ROOFING,CLOSED,05/11/05
494104490290,AREROOF TILE,HOME OWNER,VOID,05/16/05
494104340090,EXP/REROOF TILE/SEE063350,ABC ROOFING,VOID,05/17/05
494103033300,REROOF FLAT,ABC ROOFING,CLOSED,05/18/05
494109021090,REROOF FLAT AND TILE,ABC ROOFING,CLOSED,05/20/05
494113072180,REROOF FLAT AND TILE,ABC ROOFING,CLOSED,05/26/05
494105230070,REROOF SHINGLE,ABC ROOFING,CLOSED,06/03/05
494104420420,REROOF FLAT AND TILE,ABC ROOFING,CLOSED,07/08/05
494103040030,REROOF FLAT AND TILE,ABC ROOFING,CLOSED,07/14/05
494103041350,REROOF FLAT AND TILE,ABC ROOFING,CLOSED,07/14/05
494103031300,REROOF FLAT AND TILE,ABC ROOFING,CLOSED,07/14/05
494113071660,REROOF SHINGLE AND FLAT,ABC ROOFING,CLOSED,07/27/05
494110021480,REROOF TILE,ABC ROOFING,CLOSED,09/23/05
494104340250,REROOF TILE,ABC ROOFING,CLOSED,10/04/05
494103041580,REROOF FLAT AND TILE,ABC ROOFING,CLOSED,10/13/05
494104470410,HW/ROOF-TILE,ABC ROOFING,CLOSED,11/07/05
494104470570,HW/RE-ROOF TILE/FLAT,ABC ROOFING,CLOSED,11/07/05
494105051360,HW/SHINGLE 2800 S.F,ABC ROOFING,CLOSED,11/08/05
494103060910,HW/RE-ROOF FLAT- 2650 S.F,ABC ROOFING,CLOSED,11/08/05
494110021920,MAILLOUX/RE-ROOF/FLAT,ABC ROOFING,CLOSED,11/16/05
494113071750,FOX/RE-ROOF/FLAT/SHINGLE,ABC ROOFING,CLOSED,11/16/05
494105032270,HW/ROOF FLAT & TILE,ABC ROOFING,CLOSED,11/29/05
494103042540,HW/ROOF TILE /FLAT,ABC ROOFING,CLOSED,11/29/05
494104470460,HW/TILE ROOF,ABC ROOFING,CLOSED,11/29/05
494103190100,HW/TILE ROOF,ABC ROOFING,VOID,11/29/05
494105090020,HW/FLAT & SHINGLE 2925 SF,ABC ROOFING,CLOSED,12/07/05
494106012900,HW/FLAT & TILE S.F 3500,ABC ROOFING,CLOSED,12/07/05
494104460220,HW/TILE ROOF S.F 5300,ABC ROOFING,CLOSED,12/07/05
494104490290,RE-PURCHASE TILE ROOF,ABC ROOFING,CLOSED,12/15/05
494104440150,HW/TILE ROOF SF 4400,ABC ROOFING,CLOSED,01/09/06
494104470320,HW/TILE ROOF SF 4100,ABC ROOFING,CLOSED,01/09/06
494106010110,FRIMET/REROOF,ABC ROOFING,CLOSED,02/07/06
494104460310,TOPCIK/REROOF,ABC ROOFING,CLOSED,02/10/06
494104460700,KENNEDY/REROOF,ABC ROOFING,CLOSED,02/10/06
494104440220,HANZIMANOLIS/REROOF,ABC ROOFING,CLOSED,02/17/06
494108110440,WANDER/REROOF,ABC ROOFING,CLOSED,02/22/06
494103100250,ZIADY/REROOF,ABC ROOFING,CLOSED,02/22/06
494104470690,,ABC ROOFING,CLOSED,03/03/98
494103031600,2600 SF SHINGLE,ABC ROOFING,CLOSED,03/19/98
494103161630,JOSEPH ESSA,ABC ROOFING,CLOSED,04/20/98
494109030460,FERISE DENNIS TRUST,ABC ROOFING,CLOSED,05/01/98
494108051030,"CUSAK, FRANK",ABC ROOFING,CLOSED,06/10/98
494110050290,KRAMER,ABC ROOFING,CLOSED,06/10/98
494113021060,"LOCASALE, GERALD",ABC ROOFING,CLOSED,07/07/98
494105041170,GAILINA,ABC ROOFING,CLOSED,08/14/98
494110042440,KNAPIK,ABC ROOFING,CLOSED,09/01/98
494105032040,,ABC ROOFING,CLOSED,09/14/98
494113100480,,ABC ROOFING,CLOSED,09/14/98
494114090720,,ABC ROOFING,CLOSED,09/22/98
494103033360,,ABC ROOFING,CLOSED,10/16/98
494113070890,,ABC ROOFING,CLOSED,11/19/98
494103030710,THORNE,ABC ROOFING,CLOSED,12/21/98
494109051910,,ABC ROOFING,CLOSED,01/13/99
494105060950,,ABC ROOFING,CLOSED,02/17/99
494105030330,,ABC ROOFING,VOID,03/03/99
494103182470,,ABC ROOFING,VOID,03/17/99
494105090850,,ABC ROOFING,CLOSED,04/13/99
494104AC0550,,ABC ROOFING,CLOSED,04/28/99
494104420020,POLAK,ABC ROOFING,CLOSED,05/12/99
494108052070,,ABC ROOFING,CLOSED,05/25/99
494104420030,,ABC ROOFING,CLOSED,06/15/99
494106021940,,ABC ROOFING,CLOSED,06/29/99
494104490360,,ABC ROOFING,CLOSED,07/12/99
494113111070,,ABC ROOFING,CLOSED,08/09/99
494106012300,,ABC ROOFING,CLOSED,08/09/99
494103031750,2700 SF,ABC ROOFING,CLOSED,08/10/99
494104490340,,ABC ROOFING,CLOSED,09/27/99
494104310040,LOUISE,ABC ROOFING,CLOSED,11/08/99
494110052910,WOODLANDS SCHOOL,ABC ROOFING,CLOSED,11/09/99
494103181870,HENDRY,ABC ROOFING,CLOSED,11/09/99
494104420490,BORAK,ABC ROOFING,CLOSED,11/15/99
494106012320,CASH,ABC ROOFING,CLOSED,11/15/99
494104460870,RUDOFSKY,ABC ROOFING,CLOSED,11/15/99
494105041120,BOTTS/FLAT ROOF,ABC ROOFING,CLOSED,11/16/99
494105090500,REROOF SHINGLES AND FLAT,ABC ROOFING CORP,CLOSED,05/20/15
494103182390,REROOF SHINGLE AND FLAT,ABC ROOFING CORP,CLOSED,11/04/15
494108210500,REROOF TILE ONLY,ABC ROOFING CORP,CLOSED,11/06/15
494114020610,REROOF SHINGLE ONLY,ABC ROOFING CORP,CLOSED,12/02/15
494110042140,REROOF FLAT AND TILE,ABC ROOFING CORP,CLOSED,12/02/15
494114040120,REROOF TILE ONLY,ABC ROOFING CORP,CLOSED,12/02/15
494106010900,REROOF FLAT ONLY,ABC ROOFING CORP,CLOSED,12/11/15
494113070120,REROOF TILE AND FLAT,ABC ROOFING CORP,CLOSED,01/12/16
494109050790,REROOF TILE AND FLAT DECK,ABC ROOFING CORP,CLOSED,02/05/16
494104461040,REROOF TILE ONLY,ABC ROOFING CORP,CLOSED,03/10/16
494106120020,REROOF FLAT,ABC ROOFING CORP,CLOSED,04/08/16
494105041410,REROOF FLAT DECK,ABC ROOFING CORP,CLOSED,05/04/16
494105090450,REROOF SHINGLE AND FLAT,ABC ROOFING CORP,CLOSED,05/16/16
494104320520,REROOF TILE ONLY,ABC ROOFING CORP,CLOSED,05/16/16
494112241750,REROOF FLAT ONLY,ABC ROOFING CORP,CLOSED,05/31/16
494111141630,REROOF SHINGLE,ABC ROOFING CORP,CLOSED,06/20/16
494111141610,REROOF SHINGLE,ABC ROOFING CORP,CLOSED,06/20/16
494217021410,REROOF TILE AND FLAT,ABC ROOFING CORP,CLOSED,06/20/16
494109030050,REROOF TILE AND FLAT,ABC ROOFING CORP,CLOSED,09/08/16
494217020570,REROOF TILE ONLY,ABC ROOFING CORP,CLOSED,09/13/16
494105100280,RE-ROOF- TILE- SLOPE,ABC ROOFING CORP,CLOSED,10/11/16
494105041520,REROOF FLAT,ABC ROOFING CORP,CLOSED,10/26/16
494106020200,REROOF SHINGLE,ABC ROOFING CORP,CLOSED,11/10/16
494113090050,REROOF SHINGLE AND FLAT,ABC ROOFING CORP,CLOSED,11/17/16
494108211460,REROOF TILE,ABC ROOFING CORP,CLOSED,11/17/16
494104410040,REROOF FLAT,ABC ROOFING CORP,CLOSED,11/17/16
494110031290,RE-ROOF- SHINGLES,ABC ROOFING CORP,CLOSED,12/13/16
494103190760,REROOF FLAT,ABC ROOFING CORP,CLOSED,02/08/17
494108210110,RE-ROOF- TILE,ABC ROOFING CORP,CLOSED,05/16/17
494217021420,REROOF TILE AND FLAT,ABC ROOFING CORP,CLOSED,06/01/17
494217041970,RE-ROOF TILE & FLAT,ABC ROOFING CORP,CLOSED,06/15/17
494104290380,SMC-RE-ROOF SHINGLE FLAT,ABC ROOFING CORP,CLOSED,07/06/17
494104AA0490,RE-ROOF- FLAT,ABC ROOFING CORP,CLOSED,07/06/17
494103180850,RE-ROOF- TILE,ABC ROOFING CORP,CLOSED,07/18/17
494110043670,REROOF SHINGLE AND FLAT,ABC ROOFING CORP,CLOSED,08/21/17
494112240070,REROOF TILE ONLY,ABC ROOFING CORP,CLOSED,08/21/17
494108051540,RE-ROOF FLAT,ABC ROOFING CORP,CLOSED,09/13/17
494103051030,REROOF TILE AND FLAT,ABC ROOFING CORP,CLOSED,11/15/17
494105041070,REROOF SHINGLE AND FLAT,ABC ROOFING CORP,CLOSED,12/13/17
494109070140,REROOF SHINGLE,ABC ROOFING CORP,CLOSED,12/13/17
494105031320,SHINGLES/CAT2#17-4395,ABC ROOFING CORP,CLOSED,02/13/18
494103052110,RE-ROOF SHINGLE & FLAT,ABC ROOFING CORP,CLOSED,02/13/18
494104670194,"REROOF SHINGLE, SKYLIGHT",ABC ROOFING CORP,CLOSED,02/27/18
494104420010,REROOF SHINGLE AND FLAT,ABC ROOFING CORP,CLOSED,03/12/18
494106022270,REROOF TILE AND FLAT,ABC ROOFING CORP,CLOSED,04/25/18
494104420490,REROOF SHINGLE,ABC ROOFING CORP,CLOSED,04/25/18
494105032430,REROOF FLAT ONLY,ABC ROOFING CORP,CLOSED,06/13/18
494106010460,REROOF TILE AND FLAT,ABC ROOFING CORP,CLOSED,06/13/18
494108051470,REROOF SHINGLE AND FLAT,ABC ROOFING CORP,APPROVED,07/30/18
494105090620,REROOF FLAT ONLY,ABC ROOFING CORP,CLOSED,08/17/18
494105032660,REROOF SHINGLES,ABC ROOFING CORP,CLOSED,08/17/18
494110021100,REROOF SHINGLES/FLAT,ABC ROOFING CORP,CLOSED,09/20/18
494106010320,BLIER/REROOF,ABC ROOFING CORP,CLOSED,02/24/06
494109051700,SOLARTE/REROOF,ABC ROOFING CORP,CLOSED,03/20/06
494104490180,CILIBRASI/REROOF,ABC ROOFING CORP,CLOSED,03/20/06
494108110050,REROOF SHINGLE/ 3325SF,ABC ROOFING CORP,CLOSED,03/31/06
494106012590,REROOF TILE/FLAT 3300 SF,ABC ROOFING CORP,CLOSED,04/05/06
494105230840,REROOF SHINGLE/2900 SF,ABC ROOFING CORP,CLOSED,04/10/06
494104340090,RENEW05-1810/REROOF TILE,ABC ROOFING CORP,CLOSED,05/02/06
494105100500,REROOF TILE/ 3300 SF,ABC ROOFING CORP,CLOSED,05/16/06
494104460280,REROOF TILE/3950 SF,ABC ROOFING CORP,CLOSED,05/16/06
494104440410,REROOF TILE/ 5050 SF,ABC ROOFING CORP,CLOSED,05/31/06
494104320170,REROOF TILE&FLAT/7000 SF,ABC ROOFING CORP,CLOSED,06/12/06
494106011010,REROOF TILE&FLAT/3000 SF,ABC ROOFING CORP,CLOSED,06/12/06
494218030310,METAL RF REPUR. 10-4046,A&B DESIGN AND CONSTRUCTION IN,CLOSED,06/23/06
494104550010,REROOF TILE/10400,ABC ROOFING CORP,CLOSED,08/03/06
494104550010,REROOF TILE/12200 SF,ABC ROOFING CORP,CLOSED,08/03/06
494104550010,REROOF TILE/12000 SF,ABC ROOFING CORP,CLOSED,08/03/06
494104550010,REROOF TILE/14100 SF,ABC ROOFING CORP,CLOSED,08/03/06
494104550010,REROOF TILE/12100 SF,ABC ROOFING CORP,CLOSED,08/03/06
494104550010,REROOF TILE/10100 SF,ABC ROOFING CORP,CLOSED,08/03/06
494104550010,REROOF TILE/9800 SF,ABC ROOFING CORP,CLOSED,08/03/06
494104550010,REROOF TILE/8250 SF,ABC ROOFING CORP,CLOSED,08/03/06
494104550400,REROOF TILE/750 SF,ABC ROOFING CORP,CLOSED,08/03/06
494104550010,REROOF TILE/10100 SF,ABC ROOFING CORP,CLOSED,08/03/06
494104550010,REROOF TILE/14100 SF,ABC ROOFING CORP,CLOSED,08/03/06
494104550010,REROOF TILE/12100 SF,ABC ROOFING CORP,CLOSED,08/03/06
494104550010,REROOF TILE/14100 SF,ABC ROOFING CORP,CLOSED,08/03/06
494104550010,REROOF TILE/12100 SF,ABC ROOFING CORP,CLOSED,08/03/06
494104490260,REROOF TILE/5300 SF,ABC ROOFING CORP,CLOSED,08/04/06
494104320410,REROOF TILE/6350 SF,ABC ROOFING CORP,CLOSED,08/10/06
494113060060,REROOF FLAT/460 SF,ABC ROOFING CORP,CLOSED,09/25/06
494103182000,RROOF SHINGLE&FLAT/3250SF,ABC ROOFING CORP,CLOSED,12/20/06
494104460230,REROOF TILE/4200 SF,ABC ROOFING CORP,CLOSED,12/20/06
494104AA0660,RROOF SHINGLE&FLAT/3350SF,ABC ROOFING CORP,CLOSED,12/20/06
494103181790,REROOF FLAT ONLY/500 SF,ABC ROOFING CORP,CLOSED,06/20/07
494105051200,REROOF FLAT ONLY/600SF,ABC ROOFING CORP,CLOSED,07/05/07
494113060060,REROOF SHINGLE/2100SF,ABC ROOFING CORP,CLOSED,07/27/07
494105230640,BONADIO-SHINGLE ROOF,ABC ROOFING CORP,CLOSED,12/06/07
494104440370,REROOF TILE TO TILE 4800,ABC ROOFING CORP,CLOSED,12/26/07
494106010470,REROOF TILE/FLAT**3050SF,ABC ROOFING CORP,CLOSED,01/29/08
494104470260,REROOF TILE 2900,ABC ROOFING CORP,CLOSED,06/11/08
494106011150,NEW TILE ROOF 7 FLAT DEC,ABC ROOFING CORP,CLOSED,09/29/08
494103181780,REROOF TILE,ABC ROOFING CORP,CLOSED,12/02/08
494106020540,TILE/FLAT REROOF *2460SF,ABC ROOFING CORP,CLOSED,06/09/09
494103161080,REROOF SHINGLES,ABC ROOFING CORP,CLOSED,07/02/09
494104AC0610,REROOF TILE,ABC ROOFING CORP,CLOSED,07/10/09
494105060130,EXP - REROOF FLAT ROOF,ABC ROOFING CORP,CLOSED,08/06/09
494114030390,REROOF TILE & FLAT,ABC ROOFING CORP,CLOSED,08/11/09
494106010240,REROOF WITH TILE,ABC ROOFING CORP,CLOSED,10/23/09
494105050200,REROOF TILE 2200SF,ABC ROOFING CORP,CLOSED,11/10/09
494105040750,RE-ROOF- FLAT ROOF,ABC ROOFING CORP,CLOSED,01/14/10
494111090180,EXP - REPLACE FLAT ROOF,ABC ROOFING CORP,CLOSED,01/21/10
494104AA0290,FLAT ONLY W/ 4X4 SKYL/650,ABC ROOFING CORP,CLOSED,04/27/10
494110041340,REROOF FLAT ONLY/450SF,ABC ROOFING CORP,CLOSED,04/27/10
494105050700,SHINGLE ONLY/2150SF,ABC ROOFING CORP,CLOSED,06/03/10
494112241930,REROOF TILE & FLAT,ABC ROOFING CORP,CLOSED,06/14/10
494106021120,REROOF FLAT & SHINGLES,ABC ROOFING CORP,CLOSED,06/28/10
494106010190,RE-ROOF TILE,ABC ROOFING CORP,CLOSED,08/19/10
494103032630,REROOF FLAT 350SF,ABC ROOFING CORP,CLOSED,09/28/10
494104AA0640,REROOF FLAT,ABC ROOFING CORP,CLOSED,12/01/10
494103182590,RE-ROOF TILE,ABC ROOFING CORP,CLOSED,03/09/11
494106022020,REROOF SLOPE WITH TILE,ABC ROOFING CORP,CLOSED,10/14/11
494104AA0640,REROOF SHINGLE,ABC ROOFING CORP,CLOSED,11/02/11
494104290360,REROOF SHINGLE AND FLAT,ABC ROOFING CORP,CLOSED,11/28/11
494103150140,RE-ROOF FLAT,ABC ROOFING CORP,CLOSED,02/08/12
494103161320,TILE & FLAT REROOF/2400SF,ABC ROOFING CORP,CLOSED,03/26/12
494113040870,SHINGLE & FLAT/1800SF,ABC ROOFING CORP,CLOSED,03/26/12
494104440190,REROOF TILE ONLY,ABC ROOFING CORP,CLOSED,06/29/12
494104420210,RE-ROOF SHINGLES,ABC ROOFING CORP,CLOSED,07/06/12
494113070980,REROOF SHINGLE ONLY,ABC ROOFING CORP,CLOSED,08/07/12
494105031720,BAIERLEIN-RE-ROOF FLAT,ABC ROOFING CORP,CLOSED,10/16/12
494217040450,TILE/FLAT REROOF/2100SF,ABC ROOFING CORP,CLOSED,11/19/12
494103100920,SHINGLE MANSARD/FLAT/1700,ABC ROOFING CORP,CLOSED,12/17/12
494103080390,RE-ROOF FLAT,ABC ROOFING CORP,CLOSED,03/15/13
494112242020,REROOF TILE AND FLAT,ABC ROOFING CORP,CLOSED,05/16/13
494110031290,REROOF FLAT ONLY,ABC ROOFING CORP,CLOSED,06/14/13
494105060450,REROOF SHINGLE AND FLAT,ABC ROOFING CORP,CLOSED,08/07/13
494104290380,SMC-REROOF-SEE 17-3035,ABC ROOFING CORP,CANCELLED,09/03/13
494105041500,REROOF SHINGLE ONLY,ABC ROOFING CORP,CLOSED,10/04/13
494103181600,REROOF TILE ONLY,ABC ROOFING CORP,CLOSED,12/30/13
494103161350,REROOF TILE ONLY/2400SF,ABC ROOFING CORP,CLOSED,01/09/14
494106020940,REROOF SHINGLE/1600SF,ABC ROOFING CORP,CLOSED,03/11/14
494104410110,Richard Gaynor,ABC ROOFING CORP,CLOSED,04/01/14
494110052910,REROOF FLAT W AC & EL,ABC ROOFING CORP,CLOSED,07/31/14
494110052910,REROOF FLAT W AC & EL,ABC ROOFING CORP,CLOSED,07/31/14
494106022470,REROOF FLAT,ABC ROOFING CORP,CLOSED,02/20/15
494217050080,REROOF SHINGLE/1700SF,ABC ROOFING CORP,CLOSED,04/01/15
494105090500,REROOF SHINGLES AND FLAT,ABC ROOFING CORP,CLOSED,05/20/15
494108052130,REROOF FLAT DECK/500SF,ABC ROOFING CORP,CLOSED,09/10/15
494103182390,REROOF SHINGLE AND FLAT,ABC ROOFING CORP,CLOSED,11/04/15
494108210500,REROOF TILE ONLY,ABC ROOFING CORP,CLOSED,11/06/15
494114020610,REROOF SHINGLE ONLY,ABC ROOFING CORP,CLOSED,12/02/15
494110042140,REROOF FLAT AND TILE,ABC ROOFING CORP,CLOSED,12/02/15
494114040120,REROOF TILE ONLY,ABC ROOFING CORP,CLOSED,12/02/15
494106010900,REROOF FLAT ONLY,ABC ROOFING CORP,CLOSED,12/11/15
494108052010,REROOF TILE AND FLAT/3300,ABC ROOFING CORP,CLOSED,12/21/15
494113070120,REROOF TILE AND FLAT,ABC ROOFING CORP,CLOSED,01/12/16
494106021050,REROOF TILE & FLAT/11780,ABC ROOFING CORP,CLOSED,02/01/16
494109050790,REROOF TILE AND FLAT DECK,ABC ROOFING CORP,CLOSED,02/05/16
494110020070,REROOF SHINGLE ONLY,ABC ROOFING CORP,CLOSED,03/02/16
494104461040,REROOF TILE ONLY,ABC ROOFING CORP,CLOSED,03/10/16
494106120020,REROOF FLAT,ABC ROOFING CORP,CLOSED,04/08/16
494104AA0270,REROOF TILE/FLAT *3300SF,ABC ROOFING CORP,CLOSED,05/02/16
494105041410,REROOF FLAT DECK,ABC ROOFING CORP,CLOSED,05/04/16
494105090450,REROOF SHINGLE AND FLAT,ABC ROOFING CORP,CLOSED,05/16/16
494104320520,REROOF TILE ONLY,ABC ROOFING CORP,CLOSED,05/16/16
494106120020,"REROOF FLAT/25,000SF",ABC ROOFING CORP,IN PLAN CHECK,05/20/16
494112241750,REROOF FLAT ONLY,ABC ROOFING CORP,CLOSED,05/31/16
494111141630,REROOF SHINGLE,ABC ROOFING CORP,CLOSED,06/20/16
494111141610,REROOF SHINGLE,ABC ROOFING CORP,CLOSED,06/20/16
494217021410,REROOF TILE AND FLAT,ABC ROOFING CORP,CLOSED,06/20/16
494109030050,REROOF TILE AND FLAT,ABC ROOFING CORP,CLOSED,09/08/16
494217020570,REROOF TILE ONLY,ABC ROOFING CORP,CLOSED,09/13/16
494105100280,RE-ROOF- TILE- SLOPE,ABC ROOFING CORP,CLOSED,10/11/16
494105041520,REROOF FLAT,ABC ROOFING CORP,CLOSED,10/26/16
494106020200,REROOF SHINGLE,ABC ROOFING CORP,CLOSED,11/10/16
494113090050,REROOF SHINGLE AND FLAT,ABC ROOFING CORP,CLOSED,11/17/16
494108211460,REROOF TILE,ABC ROOFING CORP,CLOSED,11/17/16
494104410040,REROOF FLAT,ABC ROOFING CORP,CLOSED,11/17/16
494110031290,RE-ROOF- SHINGLES,ABC ROOFING CORP,CLOSED,12/13/16
494113111830,REROOF SHINGLE AND FLAT,ABC ROOFING CORP,APPROVED,01/24/17
494103190760,REROOF FLAT,ABC ROOFING CORP,CLOSED,02/08/17
494108210110,RE-ROOF- TILE,ABC ROOFING CORP,CLOSED,05/16/17
494217021420,REROOF TILE AND FLAT,ABC ROOFING CORP,CLOSED,06/01/17
494217041970,RE-ROOF TILE & FLAT,ABC ROOFING CORP,CLOSED,06/15/17
494104290380,SMC-RE-ROOF SHINGLE FLAT,ABC ROOFING CORP,CLOSED,07/06/17
494104AA0490,RE-ROOF- FLAT,ABC ROOFING CORP,CLOSED,07/06/17
494103180850,RE-ROOF- TILE,ABC ROOFING CORP,CLOSED,07/18/17
494110043670,REROOF SHINGLE AND FLAT,ABC ROOFING CORP,CLOSED,08/21/17
494112240070,REROOF TILE ONLY,ABC ROOFING CORP,CLOSED,08/21/17
494108051540,RE-ROOF FLAT,ABC ROOFING CORP,CLOSED,09/13/17
494103051030,REROOF TILE AND FLAT,ABC ROOFING CORP,CLOSED,11/15/17
494106022930,REROOF SHINGLE,ABC ROOFING CORP,CLOSED,12/12/17
494105041070,REROOF SHINGLE AND FLAT,ABC ROOFING CORP,CLOSED,12/13/17
494109070140,REROOF SHINGLE,ABC ROOFING CORP,CLOSED,12/13/17
494108110320,REROOF SHINGLE,ABC ROOFING CORP,CLOSED,01/12/18
494108110320,REROOF SHINGLE,ABC ROOFING CORP,CLOSED,01/12/18
494105031320,SHINGLES/CAT2#17-4395,ABC ROOFING CORP,CLOSED,02/13/18
494103052110,RE-ROOF SHINGLE & FLAT,ABC ROOFING CORP,CLOSED,02/13/18
494104670194,"REROOF SHINGLE, SKYLIGHT",ABC ROOFING CORP,CLOSED,02/27/18
494104420010,REROOF SHINGLE AND FLAT,ABC ROOFING CORP,CLOSED,03/12/18
494106022270,REROOF TILE AND FLAT,ABC ROOFING CORP,CLOSED,04/25/18
494104420490,REROOF SHINGLE,ABC ROOFING CORP,CLOSED,04/25/18
494105032430,REROOF FLAT ONLY,ABC ROOFING CORP,CLOSED,06/13/18
494106010460,REROOF TILE AND FLAT,ABC ROOFING CORP,CLOSED,06/13/18
494103030700,REROOF TILE AND FLAT,ABC ROOFING CORP,CLOSED,06/25/18
494103051580,REROOF TILE AND FLAT,ABC ROOFING CORP,CLOSED,06/25/18
494108051470,REROOF SHINGLE AND FLAT,ABC ROOFING CORP,APPROVED,07/30/18
494105090620,REROOF FLAT ONLY,ABC ROOFING CORP,CLOSED,08/17/18
494105032660,REROOF SHINGLES,ABC ROOFING CORP,CLOSED,08/17/18
494110021100,REROOF SHINGLES/FLAT,ABC ROOFING CORP,CLOSED,09/20/18
494113071760,RE-ROOF SHINGLE & FLAT,ABC ROOFING CORP,CLOSED,10/25/18
494106010260,RE-ROOF SHINGLES,ABC ROOFING CORP,CLOSED,10/25/18
494105162020,RE-ROOF SHINGLES,ABC ROOFING CORP,CLOSED,10/25/18
494104420060,RE-ROOF SHINGLE & FLAT,ABC ROOFING CORP,CLOSED,10/30/18
494103040020,RE-ROOF TILE & FLAT,ABC ROOFING CORP,CLOSED,11/05/18
494110022040,RE-ROOF SHINGLE & FLAT,ABC ROOFING CORP,CLOSED,01/09/19
494105031340,REROOF SHINGLE AND FLAT,ABC ROOFING CORP,CLOSED,01/09/19
494113101790,RE-ROOF SHINGLE & FLAT,ABC ROOFING CORP,CLOSED,01/25/19
494109051990,SEE 18-3921 REROOF,ABC ROOFING CORP,DUPLICATE,02/11/19
494105060540,REROOF FLAT,ABC ROOFING CORP,APPROVED,02/18/19
494109051990,RE-ROOF TILE,ABC ROOFING CORP,CLOSED,08/01/18
494113101790,SEE 19-348 REROOF,ABC ROOFING CORP,DUPLICATE,03/19/19
494103181950,RE-ROOF TILE & FLAT,ABC ROOFING CORP,CLOSED,04/02/19
494110044200,RE-ROOF TILE & FLAT,ABC ROOFING CORP,CLOSED,04/10/19
494103040020,SEE 19-1600 REROOF,ABC ROOFING CORP,DUPLICATE,04/12/19
494103030710,RE-ROOF TILE & FLAT,ABC ROOFING CORP,CLOSED,04/24/19
494103050060,REROOF FLAT DECK,ABC ROOFING CORP,CLOSED,05/10/19
494104440170,REROOF TILE,ABC ROOFING CORP,CLOSED,05/28/19
494105060560,REROOF FLAT,ABC ROOFING CORP,CLOSED,06/04/19
494104420210,REROOF FLAT,ABC ROOFING CORP,CLOSED,07/08/19
494105020800,REROOF FLAT AND TILE,ABC ROOFING CORP,CLOSED,07/08/19
494114021100,REROOF SHINGLE AND FLAT,ABC ROOFING CORP,CLOSED,07/11/19
494103180950,REROOF FLAT AND SHINGLE,ABC ROOFING CORP,CLOSED,08/08/19
494105031560,REROOF FLAT ONLY,ABC ROOFING CORP,CLOSED,08/08/19
494104730250,REROOF TILE,ABC ROOFING CORP,CLOSED,09/11/19
494105040640,RE-ROOFING FLAT DECK,ABC ROOFING CORP,CLOSED,11/04/19
494111100423,RE-ROOF SHINGLE,ABC ROOFING CORP,CLOSED,11/05/19
494105090240,RE-ROOFING FLAT DECK & SH,ABC ROOFING CORP,CLOSED,11/13/19
494106022840,RE-ROOF FLAT,ABC ROOFING CORP,CLOSED,11/27/19
494105170030,RE-ROOFING TILE & FLAT,ABC ROOFING CORP,CLOSED,01/13/20
494103051250,REROOF FLAT & SHINGLE,ABC ROOFING CORP,CLOSED,01/27/20
494103030190,REROOF FLAT AND TILE,ABC ROOFING CORP,CLOSED,02/05/20
494106010910,REROOF FLAT DECK,ABC ROOFING CORP,CLOSED,02/17/20
494108051610,RE-ROOF FLAT,ABC ROOFING CORP,CLOSED,02/17/20
494103040920,REROOF FLAT DECK,ABC ROOFING CORP,APPROVED,03/03/20
494103070270,REROOF SHINGLE,ABC ROOFING CORP,CLOSED,03/27/20
