Case Number,Type,Status,Project Name,Issued Date,Applied Date,Expiration Date,Finalized Date,Module Name,Address
23-00557,Residential Revision,Complete,,,1/17/2023,,1/19/2023,Permit,16131 NW 15 ST
25-00716,Residential Revision,Complete,,,1/23/2025,,1/30/2025,Permit,101  121 SW 184 PL
25-00868,Residential Revision,Complete,,,1/28/2025,,1/30/2025,Permit,125  145 SW 184
25-09717,Residential Revision,Complete,,,10/9/2025,,10/14/2025,Permit,1328 NW 159 AVE
25-10382,Residential Revision,Complete,,,10/30/2025,,11/5/2025,Permit,1550 NW 78 AVE
BUL-100017,RESIDENTIAL MISCELLANEOUS (LEGACY) - RESIDENTIAL PORCH ROOF - LEGACY,Complete,,8/20/2015,6/9/2015,2/16/2016,5/5/2025,Permit,1901 NW 108 Ave
BUL-10004,Residential Re-Roofing,Complete,,7/15/2010,6/28/2010,1/11/2011,7/15/2010,Permit,220 NW 198TH AVE
BUL-100045,Residential Re-Roofing,Complete,,6/25/2015,6/9/2015,12/22/2015,5/2/2025,Permit,11711 SW 10 St
BUL-100104,Residential Re-Roofing,Complete,,6/29/2015,6/10/2015,12/26/2015,5/5/2025,Permit,1271 WILSHIRE Cir
BUL-100105,Residential Re-Roofing,Complete,,6/30/2015,6/10/2015,12/27/2015,5/2/2025,Permit,17325 NW 7 st
BUL-10011,Residential Re-Roofing,Complete,,7/12/2010,6/28/2010,1/8/2011,5/3/2025,Permit,8420 NW 16 ST
BUL-100186,Residential Re-Roofing,Complete,,7/2/2015,6/10/2015,12/29/2015,5/1/2025,Permit,1821 NW 111 Ave
BUL-10029,Residential Re-Roofing,Complete,,7/6/2010,6/28/2010,1/2/2011,7/6/2010,Permit,101 SW 65 WAY
BUL-100320,RESIDENTIAL MISCELLANEOUS (LEGACY) - RESIDENTIAL PORCH ROOF - LEGACY,Complete,,,6/15/2015,12/12/2015,1/8/2024,Permit,2111 NW 76 TER
BUL-100370,Residential Re-Roofing,Complete,,6/25/2015,6/15/2015,12/22/2015,5/4/2025,Permit,1420 NW 86 Ter
BUL-100381,Residential Re-Roofing,Complete,,7/1/2015,6/15/2015,12/28/2015,5/5/2025,Permit,2350 ALLAMANDA CT
BUL-100420,Residential Re-Roofing,Complete,,6/30/2015,6/15/2015,12/27/2015,5/3/2025,Permit,18846 NW 2 St
BUL-100473,Residential Re-Roofing,Complete,,7/7/2015,6/16/2015,1/3/2016,7/7/2015,Permit,101 NW 162 Ave
BUL-100526,Residential Re-Roofing,Complete,,7/2/2015,6/16/2015,12/29/2015,5/4/2025,Permit,11800 NW 13 St
BUL-100590,Residential Re-Roofing,Complete,,7/20/2015,6/17/2015,1/16/2016,7/20/2015,Permit,431 SW 68 Blvd
BUL-100600,Residential Re-Roofing,Complete,,6/18/2015,6/17/2015,12/15/2015,5/2/2025,Permit,16147 NW 14 Ct
BUL-100669,Residential Re-Roofing,Complete,,7/6/2015,6/18/2015,1/2/2016,5/4/2025,Permit,9941 SW 7 St
BUL-100768,Residential Re-Roofing,Complete,,7/2/2015,6/18/2015,12/29/2015,7/2/2015,Permit,9411 SW 8 St
BUL-100834,Residential Re-Roofing,Complete,,7/13/2015,6/22/2015,1/9/2016,5/4/2025,Permit,1831 NW 106 Ave
BUL-100865,Residential Re-Roofing,Complete,,7/7/2015,6/22/2015,1/3/2016,5/5/2025,Permit,11707 NW 12 St
BUL-100872,Residential Re-Roofing,Complete,,7/6/2015,6/22/2015,1/2/2016,5/4/2025,Permit,960 SW 87 Ave
BUL-100934,Residential Re-Roofing,Complete,,6/25/2015,6/22/2015,12/22/2015,5/3/2025,Permit,10351 NW 18 Pl
BUL-100972,Residential Re-Roofing,Complete,,7/9/2015,6/23/2015,1/5/2016,5/3/2025,Permit,18315 SW 4 Ct
BUL-101011,Residential Re-Roofing,Complete,,7/6/2015,6/23/2015,1/2/2016,5/5/2025,Permit,6944 SW 10 Ct
BUL-101072,Residential Re-Roofing,Complete,,7/29/2015,6/24/2015,1/25/2016,5/3/2025,Permit,1608 SW 149 Ave
BUL-101178,Residential Re-Roofing,Complete,,7/14/2015,6/24/2015,1/10/2016,5/5/2025,Permit,17840 NW 15 Ct
BUL-101190,Residential Re-Roofing,Complete,,7/9/2015,6/24/2015,1/5/2016,5/1/2025,Permit,1097 NW 98 TER
BUL-101285,RESIDENTIAL MISCELLANEOUS (LEGACY) - RESIDENTIAL PORCH ROOF - LEGACY,Complete,,8/10/2015,6/25/2015,2/6/2016,5/2/2025,Permit,6812 SW 10 Ct
BUL-101298,Residential Awning/Canopy/Framed Aluminum Roof,Complete,,7/30/2015,6/25/2015,1/26/2016,5/2/2025,Permit,17314 SW 7 St
BUL-101300,Residential Awning/Canopy/Framed Aluminum Roof,Complete,,8/5/2015,6/25/2015,2/1/2016,5/4/2025,Permit,900 SW 86 Ave
BUL-101319,Residential Re-Roofing,Complete,,7/6/2015,6/25/2015,1/2/2016,7/6/2015,Permit,5410 SW 199 Ave
BUL-101320,Residential Re-Roofing,Complete,,7/14/2015,6/25/2015,1/10/2016,5/1/2025,Permit,5211 SW 199 Ave
BUL-101339,Residential Re-Roofing,Complete,,7/14/2015,6/25/2015,1/10/2016,5/4/2025,Permit,905 NW 164 Ave
BUL-101348,Residential Re-Roofing,Complete,,7/15/2015,6/25/2015,1/11/2016,5/3/2025,Permit,330 SW 100 Ter
BUL-101462,Residential Re-Roofing,Complete,,7/14/2015,6/29/2015,1/10/2016,5/4/2025,Permit,8340 NW 11 St
BUL-101510,Residential Re-Roofing,Complete,,7/14/2015,6/29/2015,1/10/2016,5/23/2024,Permit,10320 SW 15 St
BUL-101664,Residential Re-Roofing,Complete,,7/6/2015,6/30/2015,1/2/2016,5/3/2025,Permit,2201 NW 102 Ave
BUL-101672,Residential Re-Roofing,Complete,,7/16/2015,6/30/2015,1/12/2016,5/2/2025,Permit,11040 NW 17 Ct
BUL-101714,Residential Re-Roofing,Complete,,7/15/2015,6/30/2015,1/11/2016,5/2/2025,Permit,9830 SW 14 St
BUL-101722,Residential Re-Roofing,Complete,,8/26/2015,6/30/2015,2/22/2016,5/4/2025,Permit,8630 NW 14 St
BUL-101737,Residential Re-Roofing,Complete,,7/20/2015,7/1/2015,1/16/2016,5/2/2025,Permit,6530 SW 9 st
BUL-10181,Residential Re-Roofing,Complete,,7/1/2010,7/1/2010,12/28/2010,7/1/2010,Permit,11721 NW 23 ST
BUL-101852,Residential Re-Roofing,Complete,,7/29/2015,7/2/2015,1/25/2016,5/1/2025,Permit,1574 FAIRWAY Rd
BUL-101879,Residential Re-Roofing,Complete,,8/5/2015,7/2/2015,2/1/2016,5/4/2025,Permit,18537 NW 19 St
BUL-101908,Residential Re-Roofing,Complete,,7/7/2015,7/6/2015,1/3/2016,5/4/2025,Permit,311 NW 92 Ave
BUL-101943,Residential Re-Roofing,Complete,,7/21/2015,7/6/2015,1/17/2016,5/5/2025,Permit,1750 NW 107 Ave
BUL-101945,Residential Re-Roofing,Complete,,,7/6/2015,1/2/2016,5/2/2025,Permit,6812 SW 10 Ct
BUL-101950,Residential Re-Roofing,Complete,,7/20/2015,7/6/2015,1/16/2016,5/3/2025,Permit,1840 ACORN Ln
BUL-101966,Residential Re-Roofing,Complete,,7/7/2015,7/7/2015,1/3/2016,5/4/2025,Permit,1135 NW 174 Ave
BUL-102165,Residential Re-Roofing,Complete,,7/21/2015,7/9/2015,1/17/2016,5/3/2025,Permit,11238 NW 14 Ct
BUL-102293,Residential Re-Roofing,Complete,,7/28/2015,7/14/2015,1/24/2016,5/1/2025,Permit,20261 NW 4 St
BUL-102296,Residential Re-Roofing,Complete,,7/23/2015,7/14/2015,1/19/2016,5/2/2025,Permit,20340 NW 2 St
BUL-102297,Residential Re-Roofing,Complete,,8/5/2015,7/14/2015,2/1/2016,5/4/2025,Permit,10181 NW 21 Ct
BUL-102305,Residential Re-Roofing,Complete,,7/28/2015,7/14/2015,1/24/2016,5/5/2025,Permit,11749 NW 12 St
BUL-102335,Residential Re-Roofing,Complete,,7/16/2015,7/15/2015,1/12/2016,5/4/2025,Permit,1820 NW 112 Ter
BUL-102387,Residential Re-Roofing,Complete,,7/16/2015,7/15/2015,1/12/2016,5/5/2025,Permit,310 SW 71 Way
BUL-102422,Residential Re-Roofing,Complete,,8/5/2015,7/16/2015,2/1/2016,5/3/2025,Permit,612 SW 158 Ter
BUL-102428,Residential Re-Roofing,Complete,,7/28/2015,7/16/2015,1/24/2016,5/1/2025,Permit,10551 NW 22 St
BUL-102482,Residential Re-Roofing,Complete,,8/5/2015,7/20/2015,2/1/2016,5/3/2025,Permit,19921 NW 2 St
BUL-10255,Residential Re-Roofing,Complete,,7/8/2010,7/6/2010,1/4/2011,5/5/2025,Permit,8840 NW 3 ST
BUL-10263,Residential Re-Roofing,Complete,,7/15/2010,7/6/2010,1/11/2011,5/2/2025,Permit,1489 FAIRWAY ROAD ST
BUL-102745,Residential Re-Roofing,Complete,,8/5/2015,7/23/2015,2/1/2016,5/1/2025,Permit,10200 GREENHOUSE Rd
BUL-102796,Residential Re-Roofing,Complete,,8/17/2015,7/23/2015,2/13/2016,5/5/2025,Permit,11301 NW 16 Ct
BUL-102856,Residential Re-Roofing,Complete,,8/3/2015,7/27/2015,1/30/2016,5/1/2025,Permit,20763 NW 1 St
BUL-102876,Residential Re-Roofing,Complete,,8/5/2015,7/27/2015,2/1/2016,5/2/2025,Permit,12032 NW 13 St
BUL-102878,Residential Re-Roofing,Complete,,8/5/2015,7/27/2015,2/1/2016,5/1/2025,Permit,11829 NW 13 St
BUL-102882,Residential Re-Roofing,Complete,,8/4/2015,7/27/2015,1/31/2016,5/3/2025,Permit,7890 NW 12 St
BUL-10293,Residential Re-Roofing,Complete,,7/12/2010,7/6/2010,1/8/2011,5/3/2025,Permit,16279 NW 8TH DR
BUL-102959,Residential Re-Roofing,Complete,,8/12/2015,7/28/2015,2/8/2016,5/4/2025,Permit,8780 NW 12 St
BUL-10297,Residential Re-Roofing,Complete,,7/15/2010,7/7/2010,1/11/2011,5/2/2025,Permit,16174 NW 9th Drive
BUL-102980,Residential Re-Roofing,Complete,,8/10/2015,7/28/2015,2/6/2016,5/4/2025,Permit,6409 SW 7 st
BUL-102981,Residential Re-Roofing,Complete,,8/13/2015,7/28/2015,2/9/2016,5/1/2025,Permit,9811 SW 3 St
BUL-10309,Residential Re-Roofing,Complete,,7/13/2010,7/7/2010,1/9/2011,7/13/2010,Permit,10620 NW 20TH ST
BUL-103146,Residential Re-Roofing,Complete,,8/18/2015,7/30/2015,2/14/2016,5/4/2025,Permit,8801 NW 3 St
BUL-10316,Residential Re-Roofing,Complete,,8/4/2010,7/7/2010,1/31/2011,5/2/2025,Permit,7820 NW 15 ST
BUL-103165,Residential Re-Roofing,Complete,,8/19/2015,7/30/2015,2/15/2016,5/2/2025,Permit,1800 NW 117 Ter
BUL-103167,Residential Re-Roofing,Complete,,8/24/2015,7/30/2015,2/20/2016,5/5/2025,Permit,"100 SW 130 TER,"
BUL-103321,Residential Re-Roofing,Complete,,8/12/2015,8/4/2015,2/8/2016,5/3/2025,Permit,6848 SW 16 st
BUL-103371,Residential Re-Roofing,Complete,,8/11/2015,8/5/2015,2/7/2016,5/1/2025,Permit,6800 SW 15 St
BUL-103406,Residential Re-Roofing,Complete,,8/17/2015,8/5/2015,2/13/2016,5/4/2025,Permit,1631 NW 122 Ave
BUL-103456,Residential Re-Roofing,Complete,,8/17/2015,8/6/2015,2/13/2016,5/2/2025,Permit,8260 NW 13 St
BUL-10347,Residential Re-Roofing,Complete,,7/21/2010,7/7/2010,1/17/2011,5/5/2025,Permit,1514 SW 149 Ave
BUL-103616,Residential Re-Roofing,Complete,,8/20/2015,8/10/2015,2/16/2016,5/4/2025,Permit,20260 NW 3 St
BUL-103697,Residential Re-Roofing,Complete,,8/19/2015,8/11/2015,2/15/2016,5/1/2025,Permit,10401 NW 21 St
BUL-103723,Residential Re-Roofing,Complete,,8/20/2015,8/12/2015,2/16/2016,5/4/2025,Permit,451 NW 189 Ter
BUL-103756,Residential Re-Roofing,Complete,,8/26/2015,8/12/2015,2/22/2016,5/2/2025,Permit,1512 ENCINO Cir East
BUL-10379,Residential Re-Roofing,Complete,,7/15/2010,7/7/2010,1/11/2011,5/3/2025,Permit,940 NW 202ND AVE
BUL-103797,Residential Re-Roofing,Complete,,9/1/2015,8/12/2015,2/28/2016,5/5/2025,Permit,531 NW 207 Ter
BUL-10380,Residential Re-Roofing,Complete,,7/15/2010,7/7/2010,1/11/2011,5/4/2025,Permit,450 NW 197TH AVE
BUL-10381,Residential Re-Roofing,Complete,,7/15/2010,7/7/2010,1/11/2011,5/3/2025,Permit,19010 SW 4 ST
BUL-103816,RESIDENTIAL MISCELLANEOUS (LEGACY) - RESIDENTIAL PORCH ROOF - LEGACY,Complete,,,8/13/2015,2/9/2016,1/8/2024,Permit,2111 NW 76 Ter
BUL-103842,Residential Re-Roofing,Complete,,8/24/2015,8/13/2015,2/20/2016,5/3/2025,Permit,1225 NW 123 Ter
BUL-103939,Residential Re-Roofing,Complete,,8/24/2015,8/17/2015,2/20/2016,8/24/2015,Permit,8261 NW 15 St
BUL-103945,Residential Re-Roofing,Complete,,8/20/2015,8/17/2015,2/16/2016,5/2/2025,Permit,7041 SW 13 St
BUL-10398,Residential Re-Roofing,Complete,,7/21/2010,7/8/2010,1/17/2011,7/21/2010,Permit,6500 SW 4 ST
BUL-104164,Residential Re-Roofing,Complete,,8/27/2015,8/19/2015,2/23/2016,8/27/2015,Permit,610 SW 69 Way
BUL-104204,Residential Re-Roofing,Complete,,8/31/2015,8/20/2015,2/27/2016,5/4/2025,Permit,2340 OAK Ct.
BUL-104206,Residential Re-Roofing,Complete,,9/3/2015,8/20/2015,3/1/2016,5/3/2025,Permit,1201 NW 78 Ave
BUL-104239,Residential Re-Roofing,Complete,,8/31/2015,8/20/2015,2/27/2016,8/31/2015,Permit,10621 NW 20 st
BUL-104302,Residential Re-Roofing,Complete,,8/31/2015,8/24/2015,2/27/2016,5/1/2025,Permit,811 NW 172 Ter
BUL-10442,Residential Re-Roofing,Complete,,7/15/2010,7/12/2010,1/11/2011,5/2/2025,Permit,2177 NW 139 AVE
BUL-10446,Residential Re-Roofing,Complete,,7/19/2010,7/12/2010,1/15/2011,5/3/2025,Permit,8150 TAFT ST ST
BUL-10454,Residential Re-Roofing,Complete,,7/20/2010,7/12/2010,1/16/2011,5/1/2025,Permit,17261 NW 6 ST
BUL-104542,Residential Re-Roofing,Complete,,9/3/2015,8/26/2015,3/1/2016,5/5/2025,Permit,10030 SW 12 St
BUL-104548,Residential Re-Roofing,Complete,,9/3/2015,8/26/2015,3/1/2016,5/3/2025,Permit,1480 SW 104 ave
BUL-104590,Residential Re-Roofing,Complete,,9/3/2015,8/27/2015,3/1/2016,5/3/2025,Permit,8550 TAFT St.
BUL-10468,Residential Re-Roofing,Complete,,7/15/2010,7/12/2010,1/11/2011,5/2/2025,Permit,1601 E SANDPIPER CIR
BUL-10470,Residential Re-Roofing,Complete,,7/22/2010,7/12/2010,1/18/2011,5/4/2025,Permit,7681 NW 11 CT
BUL-104714,Residential Re-Roofing,Complete,,9/24/2015,8/31/2015,3/22/2016,5/5/2025,Permit,400 NW 93 Ter
BUL-104776,Residential Re-Roofing,Complete,,9/16/2015,9/1/2015,3/14/2016,5/3/2025,Permit,20241 SW 51 Ct
BUL-104797,Residential Re-Roofing,Complete,,11/2/2015,9/1/2015,4/30/2016,5/4/2025,Permit,740 NW 96 Ter
BUL-10482,Residential Re-Roofing,Complete,,7/19/2010,7/12/2010,1/15/2011,5/4/2025,Permit,1440 LACOSTA DR W
BUL-104960,Residential Re-Roofing,Complete,,9/14/2015,9/3/2015,3/12/2016,9/14/2015,Permit,11121 NW 22 St
BUL-105003,Residential Re-Roofing,Complete,,9/10/2015,9/3/2015,3/8/2016,5/1/2025,Permit,16213 SW 2 Dr
BUL-105017,Residential Re-Roofing,Complete,,9/22/2015,9/3/2015,3/20/2016,5/5/2025,Permit,7620 NW 15 Ct
BUL-10507,Residential Re-Roofing,Complete,,7/13/2010,7/13/2010,1/9/2011,7/5/2023,Permit,700 NW 89 AVE
BUL-105075,RESIDENTIAL MISCELLANEOUS (LEGACY) - RESIDENTIAL PORCH ROOF - LEGACY,Complete,,12/9/2015,9/8/2015,6/6/2016,5/4/2025,Permit,200 SW 65 Ter
BUL-105079,Residential Re-Roofing,Complete,,9/23/2015,9/8/2015,3/21/2016,5/4/2025,Permit,9944 SW 16 st
BUL-105080,Residential Re-Roofing,Complete,,9/16/2015,9/8/2015,3/14/2016,5/5/2025,Permit,10870 S GOLFVIEW Dr
BUL-105087,RESIDENTIAL MISCELLANEOUS (LEGACY) - RESIDENTIAL ROOF FLAT & SLOPE - LEGACY,Complete,,9/24/2015,9/8/2015,3/22/2016,5/1/2025,Permit,220 SW 70 Ave
BUL-105112,Residential Re-Roofing,Complete,,9/15/2015,9/8/2015,3/13/2016,5/2/2025,Permit,220 SW 68 Ave
BUL-10512,Residential Re-Roofing,Complete,,7/20/2010,7/13/2010,1/16/2011,5/1/2025,Permit,11011 NW 17TH CT
BUL-10513,Residential Re-Roofing,Complete,,7/29/2010,7/13/2010,1/25/2011,5/3/2025,Permit,301 NW 98 TER
BUL-105167,Residential Re-Roofing,Complete,,10/12/2015,9/9/2015,4/9/2016,5/5/2025,Permit,1161 NW 85 Way
BUL-105243,Residential Re-Roofing,Complete,,9/21/2015,9/10/2015,3/19/2016,5/2/2025,Permit,10225 SW 12 St
BUL-10528,Residential Re-Roofing,Complete,,7/26/2010,7/13/2010,1/22/2011,5/2/2025,Permit,10330 NW 18 PL
BUL-10531,Residential Re-Roofing,Complete,,9/8/2010,7/13/2010,3/7/2011,5/4/2025,Permit,1145 NW 98 TER
BUL-105325,Residential Re-Roofing,Complete,,9/24/2015,9/14/2015,3/22/2016,5/4/2025,Permit,11216 NW 14 Ct
BUL-105327,Residential Re-Roofing,Complete,,9/24/2015,9/14/2015,3/22/2016,5/3/2025,Permit,11218 NW 14 Ct
BUL-105328,Residential Re-Roofing,Complete,,9/24/2015,9/14/2015,3/22/2016,5/3/2025,Permit,11220 NW 14 Ct
BUL-105329,Residential Re-Roofing,Complete,,9/24/2015,9/14/2015,3/22/2016,5/5/2025,Permit,11222 NW 14 Ct
BUL-105331,Residential Re-Roofing,Complete,,9/24/2015,9/14/2015,3/22/2016,5/1/2025,Permit,11224 NW 14 Ct
BUL-105360,Residential Re-Roofing,Complete,,10/14/2015,9/14/2015,4/11/2016,5/3/2025,Permit,1525 ENCINO Cir
BUL-105365,Residential Re-Roofing,Complete,,10/14/2015,9/14/2015,4/11/2016,10/14/2015,Permit,1523 ENCINO Cir WEST
BUL-105386,Residential Re-Roofing,Complete,,9/24/2015,9/14/2015,3/22/2016,5/4/2025,Permit,410 NW 195 Ave
BUL-10541,Residential Re-Roofing,Complete,,7/21/2010,7/14/2010,1/17/2011,5/5/2025,Permit,17264 NW 7TH ST
BUL-105424,Residential Re-Roofing,Complete,,9/23/2015,9/15/2015,3/21/2016,5/4/2025,Permit,1295 SW 101 TER
BUL-105431,Residential Re-Roofing,Complete,,9/23/2015,9/15/2015,3/21/2016,9/23/2015,Permit,10125 SW 16 ST
BUL-105435,Residential Re-Roofing,Complete,,9/23/2015,9/15/2015,3/21/2016,5/5/2025,Permit,1570 SW 101 TER
BUL-105437,Residential Re-Roofing,Complete,,9/23/2015,9/15/2015,3/21/2016,5/4/2025,Permit,10108 SW 13 ST
BUL-105438,Residential Re-Roofing,Complete,,9/23/2015,9/15/2015,3/21/2016,5/5/2025,Permit,1285 SW 101 WAY
BUL-105440,Residential Re-Roofing,Complete,,9/23/2015,9/15/2015,3/21/2016,5/3/2025,Permit,10115 SW 13 ST
BUL-105447,Residential Re-Roofing,Complete,,9/23/2015,9/15/2015,3/21/2016,5/4/2025,Permit,1470 SW 101 TER
BUL-105451,Residential Re-Roofing,Complete,,9/23/2015,9/15/2015,3/21/2016,9/23/2015,Permit,1375 SW 101 Way
BUL-105465,Residential Re-Roofing,Complete,,9/23/2015,9/15/2015,3/21/2016,5/5/2025,Permit,1525 SW 101 WAY
BUL-105509,Residential Re-Roofing,Complete,,9/17/2015,9/15/2015,3/15/2016,9/17/2015,Permit,420 NW 202 Way
BUL-105510,Residential Re-Roofing,Complete,,9/23/2015,9/15/2015,3/21/2016,5/4/2025,Permit,1265 SW 101 TER
BUL-10558,Residential Re-Roofing,Complete,,7/19/2010,7/14/2010,1/15/2011,5/1/2025,Permit,12342 NW 11TH CT
BUL-105628,Residential Re-Roofing,Complete,,9/30/2015,9/17/2015,3/28/2016,9/30/2015,Permit,8511 JOHNSON St
BUL-105643,Residential Re-Roofing,Complete,,9/29/2015,9/17/2015,3/27/2016,5/4/2025,Permit,5711 SW 199 Ave
BUL-105751,Residential Re-Roofing,Complete,,10/5/2015,9/21/2015,4/2/2016,5/5/2025,Permit,17031 NW 17 St
BUL-105767,Residential Re-Roofing,Complete,,9/22/2015,9/21/2015,3/20/2016,5/2/2025,Permit,8681 NW 24 Ct
BUL-10590,Residential Re-Roofing,Complete,,7/21/2010,7/15/2010,1/17/2011,5/2/2025,Permit,211 NW 201ST AVE
BUL-105941,Residential Re-Roofing,Complete,,9/30/2015,9/22/2015,3/28/2016,5/3/2025,Permit,20271 NW 2 St
BUL-105965,Residential Re-Roofing,Complete,,10/14/2015,9/22/2015,4/11/2016,10/14/2015,Permit,810 NW 86 Ave
BUL-106041,Residential Re-Roofing,Complete,,9/29/2015,9/23/2015,3/27/2016,5/3/2025,Permit,7171 SW 10 st
BUL-106267,Residential Re-Roofing,Complete,,10/19/2015,9/28/2015,4/16/2016,5/1/2025,Permit,1401 SW 135 TER
BUL-10639,Residential Re-Roofing,Complete,,7/20/2010,7/19/2010,1/16/2011,5/5/2025,Permit,7871 NW 14 ST
BUL-106403,Residential Re-Roofing,Complete,,10/12/2015,9/29/2015,4/9/2016,10/12/2015,Permit,9270 NW 16 St
BUL-106467,Residential Re-Roofing,Complete,,10/12/2015,9/30/2015,4/9/2016,5/2/2025,Permit,630 NW 204 Ave
BUL-106468,Residential Re-Roofing,Complete,,10/12/2015,9/30/2015,4/9/2016,5/5/2025,Permit,2046 NW 182 Ave
BUL-106477,Residential Awning/Canopy/Framed Aluminum Roof,Complete,,10/15/2015,9/30/2015,4/12/2016,5/1/2025,Permit,6686 SW 166 Dr
BUL-106499,Residential Re-Roofing,Complete,,10/14/2015,9/30/2015,4/11/2016,5/3/2025,Permit,7690 TAFT St
BUL-106558,Residential Awning/Canopy/Framed Aluminum Roof,Complete,,10/19/2015,10/1/2015,4/16/2016,5/5/2025,Permit,960 NW 184 Pl
BUL-106604,Residential Re-Roofing,Complete,,10/14/2015,10/5/2015,4/11/2016,5/3/2025,Permit,7610 NW 14 St
BUL-106641,Residential Awning/Canopy/Framed Aluminum Roof,Complete,,1/4/2016,10/5/2015,7/2/2016,5/4/2025,Permit,1201 BEL AIRE Dr
BUL-106679,Residential Re-Roofing,Complete,,10/22/2015,10/6/2015,4/19/2016,5/4/2025,Permit,8301 NW 19 St
BUL-106686,Residential Re-Roofing,Complete,,10/15/2015,10/6/2015,4/12/2016,5/5/2025,Permit,311 NW 98 Ave
BUL-106688,Residential Re-Roofing,Complete,,10/22/2015,10/6/2015,4/19/2016,5/2/2025,Permit,550 SW 70 Ave
BUL-106696,Residential Re-Roofing,Complete,,10/15/2015,10/6/2015,4/12/2016,5/1/2025,Permit,710 SW 71 WAY
BUL-10670,Residential Re-Roofing,Complete,,7/28/2010,7/19/2010,1/24/2011,7/28/2010,Permit,935 NW 164TH AVE
BUL-106702,Residential Re-Roofing,Complete,,10/14/2015,10/6/2015,4/11/2016,5/3/2025,Permit,410 NW 200 Ave
BUL-106761,Residential Re-Roofing,Complete,,10/26/2015,10/6/2015,4/23/2016,5/4/2025,Permit,8740 NW 10 St
BUL-10678,Residential Re-Roofing,Complete,,9/13/2010,7/19/2010,3/12/2011,9/13/2010,Permit,20771 NW 3 CT
BUL-106830,Residential Re-Roofing,Complete,,10/27/2015,10/7/2015,4/24/2016,10/27/2015,Permit,9281 NW 23 St
BUL-106845,Residential Re-Roofing,Complete,,,10/7/2015,4/4/2016,6/25/2025,Permit,8780 NW 12 St
BUL-106849,Residential Re-Roofing,Complete,,10/26/2015,10/7/2015,4/23/2016,5/1/2025,Permit,1010 SW 87 Way
BUL-106888,Residential Re-Roofing,Complete,,10/26/2015,10/8/2015,4/23/2016,10/26/2015,Permit,1281 NW 123 Ter
BUL-106897,Residential Re-Roofing,Complete,,11/4/2015,10/8/2015,5/2/2016,5/4/2025,Permit,150 SW 134 WAY
BUL-106905,Residential Awning/Canopy/Framed Aluminum Roof,Complete,,11/12/2015,10/8/2015,5/10/2016,5/5/2025,Permit,1298 NW 192 Ln
BUL-106906,Residential Re-Roofing,Complete,,10/22/2015,10/8/2015,4/19/2016,5/1/2025,Permit,1931 PHOENIX Ave
BUL-106934,Residential Re-Roofing,Complete,,10/22/2015,10/8/2015,4/19/2016,5/5/2025,Permit,915 NW 197 Ave
BUL-107020,Residential Re-Roofing,Complete,,10/14/2015,10/12/2015,4/11/2016,5/1/2025,Permit,11341 NW 23 St
BUL-107074,Residential Re-Roofing,Complete,,11/3/2015,10/13/2015,5/1/2016,5/4/2025,Permit,1500 HAMMOCK Ln
BUL-107078,Residential Re-Roofing,Complete,,10/21/2015,10/13/2015,4/18/2016,5/2/2025,Permit,17856 NW 15 Ct
BUL-10714,Residential Re-Roofing,Complete,,8/2/2010,7/19/2010,1/29/2011,8/2/2010,Permit,2050 NW 81 AVE
BUL-107158,Residential Re-Roofing,Complete,,10/29/2015,10/13/2015,4/26/2016,5/1/2025,Permit,1540 NW 96 Ave
BUL-107261,Residential Re-Roofing,Complete,,10/29/2015,10/15/2015,4/26/2016,5/4/2025,Permit,927 NW 178 Ave
BUL-10727,Residential Re-Roofing,Complete,,8/2/2010,7/20/2010,1/29/2011,5/5/2025,Permit,17354 SW 7TH ST
BUL-10729,Residential Re-Roofing,Complete,,8/9/2010,7/20/2010,2/5/2011,5/2/2025,Permit,9410 NW 23RD ST
BUL-107319,Residential Re-Roofing,Complete,,6/13/2016,10/16/2015,12/10/2016,5/2/2025,Permit,11221 NW 15 Pl
BUL-107383,Residential Re-Roofing,Complete,,11/5/2015,10/19/2015,5/3/2016,5/5/2025,Permit,19451 NW 3 St
BUL-107447,Residential Re-Roofing,Complete,,11/2/2015,10/20/2015,4/30/2016,5/5/2025,Permit,620 SW 68 Blvd
BUL-107457,Residential Re-Roofing,Complete,,11/10/2015,10/20/2015,5/8/2016,5/2/2025,Permit,1460 LACOSTA Dr
BUL-107467,Residential Re-Roofing,Complete,,10/26/2015,10/20/2015,4/23/2016,10/26/2015,Permit,11352 NW 15 St
BUL-107524,Residential Re-Roofing,Complete,,10/27/2015,10/21/2015,4/24/2016,10/27/2015,Permit,1001 WILSHIRE Cir. E
BUL-107532,Residential Re-Roofing,Complete,,11/3/2015,10/21/2015,5/1/2016,5/1/2025,Permit,9711 SW 16 Ct
BUL-107560,Residential Re-Roofing,Complete,,11/2/2015,10/21/2015,4/30/2016,5/5/2025,Permit,11421 TAFT St
BUL-107615,Residential Re-Roofing,Complete,,11/9/2015,10/22/2015,5/7/2016,5/4/2025,Permit,7160 SW 8 St
BUL-107620,Residential Re-Roofing,Complete,,11/2/2015,10/22/2015,4/30/2016,11/2/2015,Permit,9760 NW 10 st
BUL-107624,Residential Re-Roofing,Complete,,11/12/2015,10/22/2015,5/10/2016,5/5/2025,Permit,311 SW 100 Ter
BUL-107626,Residential Re-Roofing,Complete,,11/24/2015,10/22/2015,5/22/2016,5/3/2025,Permit,21771 NW 2 Ct
BUL-10763,Residential Re-Roofing,Complete,,7/21/2010,7/20/2010,1/17/2011,5/4/2025,Permit,10930 CLUBHOUSE RD ST
BUL-107712,Residential Re-Roofing,Complete,,11/4/2015,10/26/2015,5/2/2016,5/4/2025,Permit,10821 NW 18 Pl
BUL-107761,Residential Re-Roofing,Complete,,11/3/2015,10/27/2015,5/1/2016,5/2/2025,Permit,1301 NW 77 Way
BUL-107769,Residential Re-Roofing,Complete,,11/18/2015,10/27/2015,5/16/2016,5/5/2025,Permit,11910 NW 12 St
BUL-107794,Residential Re-Roofing,Complete,,11/9/2015,10/27/2015,5/7/2016,5/5/2025,Permit,9410 NW 20 St
BUL-107915,Residential Re-Roofing,Complete,,11/16/2015,10/29/2015,5/14/2016,5/3/2025,Permit,411 NW 93 Ter
BUL-107967,Residential Re-Roofing,Complete,,11/10/2015,10/29/2015,5/8/2016,5/2/2025,Permit,990 SW 113 Ter
BUL-108018,Residential Re-Roofing,Complete,,1/4/2016,11/2/2015,7/2/2016,5/1/2025,Permit,11151 TAFT St
BUL-108066,Residential Re-Roofing,Complete,,11/10/2015,11/2/2015,5/8/2016,5/5/2025,Permit,721 NW 98 Ave
BUL-108076,Residential Re-Roofing,Complete,,11/25/2015,11/2/2015,5/23/2016,5/2/2025,Permit,6950 SW 13 st
BUL-108096,Residential Re-Roofing,Complete,,11/10/2015,11/2/2015,5/8/2016,11/10/2015,Permit,17821 NW 16 St
BUL-108126,Residential Re-Roofing,Complete,,11/12/2015,11/3/2015,5/10/2016,5/4/2025,Permit,2340 PLUM Ct
BUL-108169,Residential Re-Roofing,Complete,,11/18/2015,11/3/2015,5/16/2016,5/5/2025,Permit,8770 NW 15 St
BUL-108178,Residential Re-Roofing,Complete,,,11/3/2015,5/1/2016,5/3/2025,Permit,2240 BUTTONWOOD Ave
BUL-10818,Residential Re-Roofing,Complete,,8/2/2010,7/21/2010,1/29/2011,5/3/2025,Permit,2141 NW 85 WAY
BUL-108200,Residential Re-Roofing,Complete,,11/19/2015,11/3/2015,5/17/2016,5/5/2025,Permit,7311 NW 1 ct
BUL-108225,Residential Re-Roofing,Complete,,11/17/2015,11/4/2015,5/15/2016,5/3/2025,Permit,11621 NW 21 st
BUL-108236,Residential Re-Roofing,Complete,,12/1/2015,11/4/2015,5/29/2016,5/3/2025,Permit,10800 S GOLFVIEW Dr
BUL-108278,Residential Re-Roofing,Complete,,11/16/2015,11/4/2015,5/14/2016,5/4/2025,Permit,641 SW 98 Ter
BUL-108321,Residential Re-Roofing,Complete,,11/5/2015,11/4/2015,5/3/2016,5/4/2025,Permit,721 LAUREL Ln W.
BUL-10838,Residential Re-Roofing,Complete,,,7/21/2010,1/17/2011,5/4/2025,Permit,10421 NW 21 ST
BUL-108397,Residential Re-Roofing,Complete,,11/23/2015,11/5/2015,5/21/2016,5/4/2025,Permit,1341 W FAIRWAY ROAD
BUL-108569,Residential Re-Roofing,Complete,,11/19/2015,11/10/2015,5/17/2016,5/3/2025,Permit,6910 SW 3 St
BUL-108644,Residential Re-Roofing,Complete,,12/1/2015,11/10/2015,5/29/2016,5/3/2025,Permit,1451 LAGUNA Ln
BUL-108646,Residential Re-Roofing,Complete,,12/14/2015,11/10/2015,6/11/2016,5/5/2025,Permit,2021 BAYBERRY Dr
BUL-108650,Residential Re-Roofing,Complete,,11/24/2015,11/10/2015,5/22/2016,5/3/2025,Permit,2330 PINE NEEDLE Ct
BUL-108674,Residential Re-Roofing,Complete,,12/1/2015,11/12/2015,5/29/2016,12/1/2015,Permit,7110 SW 10 Ct
BUL-108795,Residential Re-Roofing,Complete,,11/24/2015,11/16/2015,5/22/2016,11/24/2015,Permit,321 NW 93 ave
BUL-108798,Residential Re-Roofing,Complete,,2/4/2016,11/16/2015,8/2/2016,5/2/2025,Permit,13455 SW 3rd st
BUL-108809,Residential Re-Roofing,Complete,,11/24/2015,11/16/2015,5/22/2016,5/5/2025,Permit,18434 NW 20 st
BUL-108820,Residential Re-Roofing,Complete,,11/25/2015,11/16/2015,5/23/2016,5/2/2025,Permit,11301 SW 3 st
BUL-108884,Residential Re-Roofing,Complete,,12/1/2015,11/17/2015,5/29/2016,5/4/2025,Permit,2111 NW 108 Ave
BUL-108912,Residential Re-Roofing,Complete,,12/3/2015,11/17/2015,5/31/2016,5/1/2025,Permit,8861 NW 10 St
BUL-108989,Residential Re-Roofing,Complete,,12/2/2015,11/18/2015,5/30/2016,5/1/2025,Permit,1230 NW 92 Ave
BUL-109024,Residential Re-Roofing,Complete,,12/1/2015,11/18/2015,5/29/2016,5/1/2025,Permit,8660 NW 24 Ct
BUL-109068,Residential Re-Roofing,Complete,,12/2/2015,11/19/2015,5/30/2016,5/3/2025,Permit,11200 NW 15 St
BUL-109069,Residential Re-Roofing,Complete,,12/2/2015,11/19/2015,5/30/2016,5/5/2025,Permit,301 SW 71 Ave
BUL-109073,Residential Re-Roofing,Complete,,12/7/2015,11/19/2015,6/4/2016,5/4/2025,Permit,2041 NW 82 Ave
BUL-109086,Residential Re-Roofing,Complete,,12/7/2015,11/19/2015,6/4/2016,5/1/2025,Permit,1011 SW 87 Way
BUL-109090,Residential Re-Roofing,Complete,,12/1/2015,11/19/2015,5/29/2016,5/5/2025,Permit,17513 NW 10 st
BUL-10912,Residential Re-Roofing,Complete,,8/4/2010,7/26/2010,1/31/2011,5/1/2025,Permit,19950 NW 2ND ST
BUL-109122,Residential Re-Roofing,Complete,,11/30/2015,11/23/2015,5/28/2016,5/1/2025,Permit,9648 NW 15 Ct
BUL-109132,Residential Re-Roofing,Complete,,12/3/2015,11/23/2015,5/31/2016,5/1/2025,Permit,2201 NW 94 Ave
BUL-109154,Residential Re-Roofing,Complete,,12/21/2015,11/23/2015,6/18/2016,5/3/2025,Permit,1681 E GOLFVIEW Dr
BUL-109236,Residential Re-Roofing,Complete,,12/3/2015,11/24/2015,5/31/2016,5/5/2025,Permit,1121 WILSHIRE Cir
BUL-109270,Residential Screen,Complete,,1/4/2016,11/25/2015,7/2/2016,5/4/2025,Permit,901 SW 115 ave 
BUL-109294,Residential Re-Roofing,Complete,,12/9/2015,11/25/2015,6/6/2016,12/9/2015,Permit,1171 NW 84 Ter
BUL-109295,Residential Re-Roofing,Complete,,12/3/2015,11/25/2015,5/31/2016,5/5/2025,Permit,1268 NW 192 Ter
BUL-109405,Residential Re-Roofing,Complete,,12/7/2015,12/1/2015,6/4/2016,12/7/2015,Permit,701 SW 93 Ter
BUL-109412,Residential Re-Roofing,Complete,,12/2/2015,12/1/2015,5/30/2016,5/1/2025,Permit,720 SW 70 Ter
BUL-109422,Residential Re-Roofing,Complete,,12/10/2015,12/1/2015,6/7/2016,5/5/2025,Permit,8501 NW 10 St
BUL-10943,Residential Re-Roofing,Complete,,8/11/2010,7/27/2010,2/7/2011,5/5/2025,Permit,11355 NW 15TH CT
BUL-109441,Residential Re-Roofing,Complete,,12/9/2015,12/1/2015,6/6/2016,12/9/2015,Permit,1521 HAMMOCK LANE 
BUL-109442,Residential Re-Roofing,Complete,,12/17/2015,12/1/2015,6/14/2016,5/5/2025,Permit,18033 SW 13 St
BUL-109443,Residential Re-Roofing,Complete,,12/9/2015,12/1/2015,6/6/2016,5/3/2025,Permit,1531 HAMMOCK Ln
BUL-109475,Residential Re-Roofing,Complete,,1/11/2016,12/2/2015,7/9/2016,5/4/2025,Permit,20420 SW 51 St
BUL-109476,Residential Re-Roofing,Complete,,12/28/2015,12/2/2015,6/25/2016,5/5/2025,Permit,2281 BAYBERRY Dr
BUL-109502,Residential Re-Roofing,Complete,,12/15/2015,12/2/2015,6/12/2016,5/1/2025,Permit,720 NW 203 Ter
BUL-109504,Residential Re-Roofing,Complete,,12/15/2015,12/2/2015,6/12/2016,5/2/2025,Permit,641 SW 158 Way
BUL-109526,Residential Re-Roofing,Complete,,12/15/2015,12/2/2015,6/12/2016,5/3/2025,Permit,18571 NW 19 St
BUL-109584,Residential Re-Roofing,Complete,,12/14/2015,12/3/2015,6/11/2016,5/2/2025,Permit,6930 SW 3 St
BUL-109585,Residential Re-Roofing,Complete,,12/14/2015,12/3/2015,6/11/2016,5/3/2025,Permit,9778 NW 16 Ct
BUL-109659,Residential Re-Roofing,Complete,,12/17/2015,12/7/2015,6/14/2016,12/17/2015,Permit,1920 NW 106 Ter
BUL-109661,Residential Re-Roofing,Complete,,12/31/2015,12/7/2015,6/28/2016,12/31/2015,Permit,7701 NW 6 Ct
BUL-109677,Residential Re-Roofing,Complete,,1/11/2016,12/7/2015,7/9/2016,5/1/2025,Permit,1508 NW 113 Way
BUL-109684,Residential Re-Roofing,Complete,,12/15/2015,12/7/2015,6/12/2016,5/1/2025,Permit,7711 NW 2 St
BUL-109685,Residential Re-Roofing,Complete,,12/15/2015,12/7/2015,6/12/2016,5/5/2025,Permit,736 NW 164 Ave
BUL-109713,Residential Re-Roofing,Complete,,12/15/2015,12/8/2015,6/12/2016,5/1/2025,Permit,10961 CYPRESS Rd
BUL-109796,Residential Re-Roofing,Complete,,1/4/2016,12/9/2015,7/2/2016,5/5/2025,Permit,20057 NW 8 St
BUL-109815,Residential Re-Roofing,Complete,,12/17/2015,12/9/2015,6/14/2016,12/17/2015,Permit,16369 NW 11 St
BUL-109816,Residential Re-Roofing,Complete,,12/17/2015,12/9/2015,6/14/2016,5/2/2025,Permit,11730 NW 12 St
BUL-109820,Residential Awning/Canopy/Framed Aluminum Roof,Complete,,3/22/2016,12/9/2015,9/18/2016,3/22/2016,Permit,273 NW 207 Way
BUL-109861,Residential Re-Roofing,Complete,,12/28/2015,12/9/2015,6/25/2016,5/3/2025,Permit,8680 PASADENA Blvd
BUL-109865,Residential Re-Roofing,Complete,,12/23/2015,12/10/2015,6/20/2016,5/1/2025,Permit,210 SW 68 Blvd
BUL-109910,Residential Re-Roofing,Complete,,2/4/2016,12/10/2015,8/2/2016,,Permit,901 SW 128 AVE.
BUL-109915,Residential Re-Roofing,Complete,,2/4/2016,12/10/2015,8/2/2016,,Permit,701 SW 128 AVE.
BUL-109989,Residential Re-Roofing,Complete,,12/28/2015,12/14/2015,6/25/2016,5/3/2025,Permit,701 NW 88 Ave
BUL-109990,Residential Re-Roofing,Complete,,12/28/2015,12/14/2015,6/25/2016,5/3/2025,Permit,18459 NW 9 Ct
BUL-109993,Residential Re-Roofing,Complete,,12/17/2015,12/14/2015,6/14/2016,12/17/2015,Permit,640 NW 206 Ave
BUL-110022,Residential Re-Roofing,Complete,,12/28/2015,12/14/2015,6/25/2016,5/7/2025,Permit,1011 SW 72 Ave
BUL-110029,Residential Re-Roofing,Complete,,12/28/2015,12/14/2015,6/25/2016,5/3/2025,Permit,1171 N HIATUS Rd
BUL-110031,Residential Re-Roofing,Complete,,12/23/2015,12/14/2015,6/20/2016,5/2/2025,Permit,8101 NW 15 St
BUL-110033,Residential Re-Roofing,Complete,,12/22/2015,12/14/2015,6/19/2016,5/3/2025,Permit,6641 SW 5 St
BUL-110061,Residential Re-Roofing,Complete,,12/22/2015,12/15/2015,6/19/2016,5/4/2025,Permit,941 SW 115 Ave
BUL-110065,Residential Re-Roofing,Complete,,12/22/2015,12/15/2015,6/19/2016,5/4/2025,Permit,310 NW 161 Ave
BUL-110119,Residential Re-Roofing,Complete,,1/11/2016,12/15/2015,7/9/2016,1/11/2016,Permit,1950 SEAGRAPE Ave
BUL-110135,Residential Re-Roofing,Complete,,1/7/2016,12/15/2015,7/5/2016,5/2/2025,Permit,1120 SW 87 Ter
BUL-110195,Residential Re-Roofing,Complete,,12/21/2015,12/16/2015,6/18/2016,5/1/2025,Permit,7920 NW 11 Ct
BUL-110202,Residential Re-Roofing,Complete,,1/6/2016,12/16/2015,7/4/2016,5/1/2025,Permit,1740 NW 85 Way
BUL-110229,Residential Re-Roofing,Complete,,1/7/2016,12/16/2015,7/5/2016,1/7/2016,Permit,1770 ACORN Ln
BUL-110233,Residential Re-Roofing,Complete,,1/4/2016,12/16/2015,7/2/2016,5/3/2025,Permit,10201 NW 24 Ct
BUL-110235,Residential Re-Roofing,Complete,,12/16/2015,12/16/2015,6/13/2016,5/3/2025,Permit,8401 NW 7 Ct
BUL-110297,Residential Re-Roofing,Complete,,1/11/2016,12/17/2015,7/9/2016,5/4/2025,Permit,18490 NW 22 St
BUL-110356,Residential Re-Roofing,Complete,,1/12/2016,12/17/2015,7/10/2016,5/3/2025,Permit,1141 NW 79 Way
BUL-110365,Residential Re-Roofing,Complete,,1/7/2016,12/17/2015,7/5/2016,5/5/2025,Permit,10271 OLEANDER Ct
BUL-110411,Residential Re-Roofing,Complete,,12/31/2015,12/21/2015,6/28/2016,5/1/2025,Permit,19765 NW 10 St
BUL-110415,Residential Re-Roofing,Complete,,1/14/2016,12/21/2015,7/12/2016,5/1/2025,Permit,640 SW 113 Ter
BUL-110452,Residential Re-Roofing,Complete,,1/5/2016,12/21/2015,7/3/2016,5/3/2025,Permit,11318 NW 15 Ct
BUL-110502,Residential Re-Roofing,Complete,,1/6/2016,12/22/2015,7/4/2016,1/6/2016,Permit,1410 NW 85 Way
BUL-110508,Residential Re-Roofing,Complete,,1/11/2016,12/22/2015,7/9/2016,5/2/2025,Permit,2003 NW 178 Way
BUL-110519,Residential Re-Roofing,Complete,,1/5/2016,12/22/2015,7/3/2016,5/2/2025,Permit,6310 SW 6 St
BUL-110524,Residential Re-Roofing,Complete,,1/6/2016,12/22/2015,7/4/2016,5/2/2025,Permit,6812 SW 11 St
BUL-110572,Residential Re-Roofing,Complete,,1/19/2016,12/23/2015,7/17/2016,5/4/2025,Permit,10310 NW 18 PLACE
BUL-110576,Residential Re-Roofing,Complete,,12/23/2015,12/23/2015,6/20/2016,5/2/2025,Permit,201 SW 64 Ave
BUL-11059,Residential Re-Roofing,Complete,,8/23/2010,7/29/2010,2/19/2011,5/2/2025,Permit,1389 NW 161 AVE
BUL-11067,Residential Re-Roofing,Complete,,8/12/2010,7/29/2010,2/8/2011,5/3/2025,Permit,19430 NW 3RD ST
BUL-110675,Residential Re-Roofing,Complete,,1/21/2016,12/28/2015,7/19/2016,5/1/2025,Permit,371 NW 101 Ter
BUL-11072,Residential Re-Roofing,Complete,,8/9/2010,7/29/2010,2/5/2011,5/1/2025,Permit,16144 NW 9TH DR
BUL-11076,Residential Re-Roofing,Complete,,8/9/2010,7/29/2010,2/5/2011,5/5/2025,Permit,11421 NW 18TH ST
BUL-110761,Residential Re-Roofing,Complete,,1/12/2016,12/29/2015,7/10/2016,5/4/2025,Permit,20401 SW 51 St
BUL-11082,Residential Re-Roofing,Complete,,,8/2/2010,1/29/2011,5/2/2025,Permit,209 SW 67 TER
BUL-110821,Residential Re-Roofing,Complete,,12/29/2015,12/29/2015,6/26/2016,5/4/2025,Permit,10140 NW 3 st
BUL-11084,Residential Re-Roofing,Complete,,,8/2/2010,1/29/2011,5/3/2025,Permit,251 SW 64 TER
BUL-11086,Residential Re-Roofing,Complete,,8/2/2010,8/2/2010,1/29/2011,5/2/2025,Permit,115 SW 68 AVE
BUL-110878,Residential Re-Roofing,Complete,,1/13/2016,12/31/2015,7/11/2016,5/4/2025,Permit,6920 SW 1 Ct
BUL-110882,Residential Re-Roofing,Complete,,1/11/2016,12/31/2015,7/9/2016,1/11/2016,Permit,1101 WILSHIRE Cir
BUL-110895,Residential Re-Roofing,Complete,,1/6/2016,1/4/2016,7/4/2016,5/1/2025,Permit,8490 NW 17 Ct
BUL-110896,Residential Re-Roofing,Complete,,1/6/2016,1/4/2016,7/4/2016,5/1/2025,Permit,1233 NW 179 Ter
BUL-110920,Residential Re-Roofing,Complete,,2/22/2016,1/4/2016,8/20/2016,5/5/2025,Permit,1211 WILSHIRE Cir
BUL-110929,Residential Re-Roofing,Complete,,1/12/2016,1/4/2016,7/10/2016,5/4/2025,Permit,1930 NW 85 Way
BUL-11098,Residential Re-Roofing,Complete,,8/23/2010,8/2/2010,2/19/2011,5/3/2025,Permit,17233 NW 6 CT
BUL-111047,Residential Re-Roofing,Complete,,1/25/2016,1/6/2016,7/23/2016,5/1/2025,Permit,8330 NW 18 St
BUL-111073,Residential Re-Roofing,Complete,,1/14/2016,1/6/2016,7/12/2016,5/3/2025,Permit,"9491 NW 15 st,"
BUL-111109,Residential Re-Roofing,Complete,,1/19/2016,1/7/2016,7/17/2016,1/19/2016,Permit,7830 TAFT St
BUL-11116,Residential Re-Roofing,Complete,,8/16/2010,8/2/2010,2/12/2011,8/16/2010,Permit,15224 WILSHIRE CIR S
BUL-111160,Residential Re-Roofing,Complete,,1/25/2016,1/7/2016,7/23/2016,5/2/2025,Permit,2200 NW 102 Way
BUL-111186,Residential Re-Roofing,Complete,,1/13/2016,1/11/2016,7/11/2016,5/4/2025,Permit,1430 NW 112 Way
BUL-111200,Residential Re-Roofing,Complete,,1/21/2016,1/11/2016,7/19/2016,5/5/2025,Permit,10017 SW 16 St
BUL-111201,Residential Re-Roofing,Complete,,1/20/2016,1/11/2016,7/18/2016,5/2/2025,Permit,1200 W FAIRWAY Rd
BUL-111204,Residential Re-Roofing,Complete,,1/20/2016,1/11/2016,7/18/2016,5/1/2025,Permit,1920 NW 107 Ave
BUL-111206,Residential Re-Roofing,Complete,,1/28/2016,1/11/2016,7/26/2016,5/2/2025,Permit,1465 LACOSTA Dr
BUL-111226,Residential Re-Roofing,Complete,,1/20/2016,1/11/2016,7/18/2016,5/1/2025,Permit,11631 SW 9 Ct
BUL-111232,Residential Re-Roofing,Complete,,1/27/2016,1/11/2016,7/25/2016,1/27/2016,Permit,1621 SW 149 ave
BUL-111282,Residential Re-Roofing,Complete,,1/26/2016,1/12/2016,7/24/2016,5/4/2025,Permit,7611 NW 14 St
BUL-111314,Residential Re-Roofing,Complete,,1/20/2016,1/12/2016,7/18/2016,5/3/2025,Permit,6941 SW 5 St
BUL-111320,Residential Re-Roofing,Complete,,1/26/2016,1/12/2016,7/24/2016,5/3/2025,Permit,420 NW 199 Ave
BUL-111326,Residential Re-Roofing,Complete,,1/26/2016,1/12/2016,7/24/2016,5/5/2025,Permit,210 SW 98 Ter
BUL-111345,Residential Re-Roofing,Complete,,2/23/2016,1/12/2016,8/21/2016,5/1/2025,Permit,21831 S HERITAGE Cir
BUL-111363,Residential Re-Roofing,Complete,,1/19/2016,1/12/2016,7/17/2016,1/19/2016,Permit,10901 N LAKEVIEW DRIVE
BUL-111451,Residential Re-Roofing,Complete,,2/4/2016,1/13/2016,8/2/2016,5/5/2025,Permit,1261 W FAIRWAY Rd
BUL-111482,Residential Re-Roofing,Complete,,1/26/2016,1/14/2016,7/24/2016,5/5/2025,Permit,19213 SW 4 St
BUL-111483,Residential Re-Roofing,Complete,,1/26/2016,1/14/2016,7/24/2016,8/9/2022,Permit,810 NW 76 Ave
BUL-11150,Residential Re-Roofing,Complete,,9/1/2010,8/3/2010,2/28/2011,5/1/2025,Permit,6941 SW 14 ST
BUL-11156,Residential Re-Roofing,Complete,,8/10/2010,8/3/2010,2/6/2011,5/5/2025,Permit,18770 SW 4 ST
BUL-111593,Residential Re-Roofing,Complete,,2/1/2016,1/19/2016,7/30/2016,5/4/2025,Permit,1171 NW 89 Ter
BUL-111594,Residential Re-Roofing,Complete,,1/26/2016,1/19/2016,7/24/2016,5/1/2025,Permit,6951 SW 5 St
BUL-111666,Residential Re-Roofing,Complete,,1/27/2016,1/20/2016,7/25/2016,5/4/2025,Permit,8771 NW 13 st
BUL-111670,Residential Re-Roofing,Complete,,1/26/2016,1/20/2016,7/24/2016,5/2/2025,Permit,1461 NW 112 Way
BUL-111671,Residential Re-Roofing,Complete,,3/10/2016,1/20/2016,9/6/2016,5/2/2025,Permit,1501 NW 113 Way
BUL-111673,Residential Re-Roofing,Complete,,3/10/2016,1/20/2016,9/6/2016,5/2/2025,Permit,1503 NW 113 Way
BUL-111675,Residential Re-Roofing,Complete,,3/10/2016,1/20/2016,9/6/2016,5/5/2025,Permit,1505 NW 113 Way
BUL-111677,Residential Re-Roofing,Complete,,3/10/2016,1/20/2016,9/6/2016,5/2/2025,Permit,1509 NW 113 Way
BUL-111680,Residential Re-Roofing,Complete,,4/6/2016,1/20/2016,10/3/2016,5/1/2025,Permit,1511 NW 113 Way
BUL-111683,Residential Re-Roofing,Complete,,3/10/2016,1/20/2016,9/6/2016,5/4/2025,Permit,1507 NW 113 Way
BUL-111723,Residential Re-Roofing,Complete,,2/17/2016,1/20/2016,8/15/2016,5/1/2025,Permit,8651 NW 24 Ct
BUL-111738,Residential Re-Roofing,Complete,,2/3/2016,1/20/2016,8/1/2016,5/1/2025,Permit,7670 TAFT St
BUL-111757,Residential Awning/Canopy/Framed Aluminum Roof,Complete,,,1/21/2016,7/19/2016,5/3/2025,Permit,16492 NW 21 St
BUL-111762,Residential Re-Roofing,Complete,,2/11/2016,1/21/2016,8/9/2016,2/11/2016,Permit,1352 NW 122 Ter
BUL-111774,Residential Re-Roofing,Complete,,1/27/2016,1/21/2016,7/25/2016,5/5/2025,Permit,11581 SW 9 Ct
BUL-111778,Residential Re-Roofing,Complete,,2/18/2016,1/21/2016,8/16/2016,5/1/2025,Permit,1100 NW 81 Ave
BUL-111787,Residential Re-Roofing,Complete,,2/2/2016,1/21/2016,7/31/2016,5/3/2025,Permit,1445 LACOSTA Dr
BUL-111800,Residential Re-Roofing,Complete,,2/8/2016,1/21/2016,8/6/2016,5/3/2025,Permit,12368 NW 13 ct
BUL-111827,Residential Re-Roofing,Complete,,2/4/2016,1/25/2016,8/2/2016,5/2/2025,Permit,151 NW 72 Ter
BUL-111838,Residential Re-Roofing,Complete,,2/1/2016,1/25/2016,7/30/2016,5/5/2025,Permit,748 NW 176 Ave
BUL-111855,Residential Re-Roofing,Complete,,2/3/2016,1/25/2016,8/1/2016,2/3/2016,Permit,5611 SW 199 Ave
BUL-111863,RESIDENTIAL MISCELLANEOUS (LEGACY) - RESIDENTIAL PORCH ROOF - LEGACY,Complete,,,1/25/2016,7/23/2016,1/8/2024,Permit,2111 NW 76 Ter
BUL-111870,Residential Re-Roofing,Complete,,2/9/2016,1/25/2016,8/7/2016,5/5/2025,Permit,9730 NW 4 St
BUL-111875,Residential Re-Roofing,Complete,,2/11/2016,1/25/2016,8/9/2016,5/4/2025,Permit,1241 E GOLFVIEW DRIVE
BUL-111876,Residential Re-Roofing,Complete,,2/22/2016,1/25/2016,8/20/2016,5/2/2025,Permit,711 SW 64 Pkwy
BUL-111883,Residential Re-Roofing,Complete,,2/1/2016,1/25/2016,7/30/2016,5/1/2025,Permit,10190 NW 3 St
BUL-111886,Residential Re-Roofing,Complete,,2/24/2016,1/25/2016,8/22/2016,5/3/2025,Permit,8680 NW 17 Ct
BUL-111917,Residential Re-Roofing,Complete,,2/11/2016,1/26/2016,8/9/2016,5/4/2025,Permit,8821 NW 12 St
BUL-111931,Residential Re-Roofing,Complete,,2/11/2016,1/26/2016,8/9/2016,5/1/2025,Permit,420 NW 91 Ave
BUL-111932,RESIDENTIAL MISCELLANEOUS (LEGACY) - RESIDENTIAL ROOF SLOPE - LEGACY,Complete,,2/3/2016,1/26/2016,8/1/2016,5/3/2025,Permit,21641 NW 7 Ct.
BUL-111963,Residential Re-Roofing,Complete,,2/8/2016,1/26/2016,8/6/2016,5/5/2025,Permit,6407 SW 5 St
BUL-111973,Residential Re-Roofing,Complete,,2/4/2016,1/26/2016,8/2/2016,5/4/2025,Permit,17850 SW 4 Ct
BUL-111974,Residential Re-Roofing,Complete,,1/28/2016,1/26/2016,7/26/2016,5/4/2025,Permit,10450 NW 22 st
BUL-111979,Residential Re-Roofing,Complete,,2/10/2016,1/26/2016,8/8/2016,5/5/2025,Permit,719 NW 177 Ave
BUL-112026,Residential Re-Roofing,Complete,,2/8/2016,1/27/2016,8/6/2016,5/4/2025,Permit,722 NW 173 Ter
BUL-112030,Residential Re-Roofing,Complete,,2/9/2016,1/27/2016,8/7/2016,5/2/2025,Permit,1530 SW 87 Ter
BUL-112031,Residential Re-Roofing,Complete,,2/9/2016,1/27/2016,8/7/2016,5/3/2025,Permit,1612 ENCINO Cir
BUL-112032,Residential Re-Roofing,Complete,,3/10/2016,1/27/2016,9/6/2016,5/4/2025,Permit,19321 NW 3 St
BUL-112065,Residential Re-Roofing,Complete,,2/18/2016,1/27/2016,8/16/2016,5/2/2025,Permit,8711 JOHNSON St
BUL-112066,Residential Re-Roofing,Complete,,2/9/2016,1/27/2016,8/7/2016,5/1/2025,Permit,440 NW 195 Ave
BUL-112068,Residential Re-Roofing,Complete,,2/9/2016,1/27/2016,8/7/2016,5/3/2025,Permit,2050 NW 85 Ave
BUL-112131,Residential Re-Roofing,Complete,,2/16/2016,1/28/2016,8/14/2016,5/1/2025,Permit,8221 NW 10 St
BUL-112147,Residential Awning/Canopy/Framed Aluminum Roof,Complete,,2/11/2016,1/28/2016,8/9/2016,5/3/2025,Permit,14015 NW 15 Dr
BUL-112195,Residential Re-Roofing,Complete,,2/10/2016,2/1/2016,8/8/2016,5/5/2025,Permit,9631 NW 4 St
BUL-112200,Residential Re-Roofing,Complete,,2/11/2016,2/1/2016,8/9/2016,5/2/2025,Permit,11241 NW 14 Ct
BUL-112213,Residential Re-Roofing,Complete,,2/16/2016,2/1/2016,8/14/2016,5/3/2025,Permit,10200 NW 5 St
BUL-11222,Residential Re-Roofing,Complete,,8/16/2010,8/5/2010,2/12/2011,5/5/2025,Permit,751 NW 174TH AVE
BUL-112225,Residential Re-Roofing,Complete,,2/16/2016,2/1/2016,8/14/2016,5/1/2025,Permit,1165 NW 92 Ave
BUL-112228,Residential Re-Roofing,Complete,,2/16/2016,2/1/2016,8/14/2016,5/3/2025,Permit,751 SW 95 Way
BUL-112240,Residential Re-Roofing,Complete,,2/8/2016,2/1/2016,8/6/2016,5/4/2025,Permit,301 SW 68 Blvd
BUL-11226,Residential Re-Roofing,Complete,,8/12/2010,8/5/2010,2/8/2011,5/4/2025,Permit,975 NW 201 AVE
BUL-112262,Residential Re-Roofing,Complete,,2/17/2016,2/1/2016,8/15/2016,5/3/2025,Permit,940 NW 199 Ave
BUL-112326,Residential Re-Roofing,Complete,,2/11/2016,2/2/2016,8/9/2016,5/1/2025,Permit,1051 N HIATUS Rd
BUL-112330,Residential Re-Roofing,Complete,,3/14/2016,2/2/2016,9/10/2016,3/14/2016,Permit,1971 SEAGRAPE Ave
BUL-112409,Residential Re-Roofing,Complete,,2/16/2016,2/3/2016,8/14/2016,2/16/2016,Permit,10931 NW 18 st
BUL-112425,Residential Re-Roofing,Complete,,2/10/2016,2/3/2016,8/8/2016,5/1/2025,Permit,11500 NW 14 St
BUL-112441,Residential Re-Roofing,Complete,,2/17/2016,2/3/2016,8/15/2016,2/17/2016,Permit,1491 NW 112 Way
BUL-112475,Residential Re-Roofing,Complete,,3/8/2016,2/3/2016,9/4/2016,5/5/2025,Permit,1281 W GOLFVIEW Dr
BUL-112479,Residential Re-Roofing,Complete,,2/18/2016,2/3/2016,8/16/2016,5/5/2025,Permit,6827 SW 13 St
BUL-112480,Residential Re-Roofing,Complete,,2/17/2016,2/3/2016,8/15/2016,5/2/2025,Permit,18433 NW 20 St
BUL-112503,Residential Re-Roofing,Complete,,2/11/2016,2/4/2016,8/9/2016,5/4/2025,Permit,1121 NW 91 Ave
BUL-112510,Residential Re-Roofing,Complete,,2/18/2016,2/4/2016,8/16/2016,5/5/2025,Permit,19142 NW 12 Ct
BUL-112544,Residential Re-Roofing,Complete,,2/4/2016,2/4/2016,8/2/2016,5/4/2025,Permit,11760 SW 12 St
BUL-112546,Residential Re-Roofing,Complete,,2/18/2016,2/4/2016,8/16/2016,5/3/2025,Permit,1230 SW 115 Ave
BUL-112581,Residential Re-Roofing,Complete,,2/29/2016,2/8/2016,8/27/2016,5/1/2025,Permit,9910 SW 11 St
BUL-112583,Residential Re-Roofing,Complete,,2/24/2016,2/8/2016,8/22/2016,5/1/2025,Permit,1845 NW 130 Ave
BUL-112640,Residential Re-Roofing,Complete,,2/18/2016,2/8/2016,8/16/2016,2/18/2016,Permit,1411 E GOLFVIEW Dr
BUL-112642,Residential Re-Roofing,Complete,,2/24/2016,2/8/2016,8/22/2016,5/4/2025,Permit,9000 JOHNSON St
BUL-112649,RESIDENTIAL MISCELLANEOUS (LEGACY) - RESIDENTIAL ROOF FLAT - LEGACY,Complete,,2/8/2016,2/8/2016,8/6/2016,2/8/2016,Permit,1491 LAGUNA LANE ST
BUL-112663,Residential Re-Roofing,Complete,,3/1/2016,2/8/2016,8/28/2016,3/1/2016,Permit,6750 SW 11 St
BUL-112678,Residential Re-Roofing,Complete,,2/24/2016,2/8/2016,8/22/2016,5/5/2025,Permit,1248 NW 122 Ter
BUL-112681,Residential Re-Roofing,Complete,,2/25/2016,2/9/2016,8/23/2016,5/4/2025,Permit,1430 NW 112 TERR.
BUL-112726,Residential Re-Roofing,Complete,,3/8/2016,2/9/2016,9/4/2016,5/5/2025,Permit,6921 SW 5 Ct
BUL-112745,Residential Re-Roofing,Complete,,2/23/2016,2/9/2016,8/21/2016,5/4/2025,Permit,1140 NW 92 Ave.
BUL-112792,Residential Re-Roofing,Complete,,2/23/2016,2/9/2016,8/21/2016,5/1/2025,Permit,1619 SW 149 Ave
BUL-112832,Residential Re-Roofing,Complete,,2/25/2016,2/10/2016,8/23/2016,5/1/2025,Permit,11700 NW 14 St
BUL-112835,Residential Re-Roofing,Complete,,2/25/2016,2/10/2016,8/23/2016,5/1/2025,Permit,18370 NW 10 st
BUL-112838,Residential Re-Roofing,Complete,,3/10/2016,2/10/2016,9/6/2016,5/1/2025,Permit,17215 NW 7 st
BUL-112897,Residential New Roof,Complete,,,2/11/2016,8/9/2016,5/3/2025,Permit,1380 S. HIATUS RD(VILLAGE
BUL-113170,Residential Re-Roofing,Complete,,3/1/2016,2/16/2016,8/28/2016,5/3/2025,Permit,555 NW 164 Ave
BUL-113173,Residential Re-Roofing,Complete,,3/1/2016,2/16/2016,8/28/2016,5/2/2025,Permit,20281 NW 10 St
BUL-11318,Residential Re-Roofing,Complete,,8/18/2010,8/10/2010,2/14/2011,5/3/2025,Permit,1501 SW 149 AVE
BUL-113184,Residential Re-Roofing,Complete,,3/2/2016,2/16/2016,8/29/2016,5/5/2025,Permit,419 SW 159 Ter
BUL-113196,Residential Re-Roofing,Complete,,3/24/2016,2/16/2016,9/20/2016,5/1/2025,Permit,17925 NW 10 St
BUL-113223,Residential Re-Roofing,Complete,,3/7/2016,2/16/2016,9/3/2016,5/5/2025,Permit,581 NW 182 Way
BUL-113224,Residential Re-Roofing,Complete,,2/25/2016,2/16/2016,8/23/2016,5/2/2025,Permit,10120 PHOENIX Ct
BUL-113233,Residential Re-Roofing,Complete,,2/16/2016,2/16/2016,8/14/2016,5/1/2025,Permit,2080 NW 82 Ave
BUL-113286,Residential Re-Roofing,Complete,,3/3/2016,2/17/2016,8/30/2016,5/4/2025,Permit,15271 WILSHIRE CIRCLE SOUTH
BUL-113295,Residential Re-Roofing,Complete,,3/3/2016,2/17/2016,8/30/2016,5/3/2025,Permit,9740 NW 10 st
BUL-113311,Residential Re-Roofing,Complete,,3/10/2016,2/17/2016,9/6/2016,5/2/2025,Permit,11040 NW 21 St
BUL-11334,Residential Re-Roofing,Complete,,8/18/2010,8/10/2010,2/14/2011,5/3/2025,Permit,2271 CHESTNUT CT ST
BUL-113362,Residential Re-Roofing,Complete,,3/3/2016,2/18/2016,8/30/2016,3/3/2016,Permit,17943 SW 11 St
BUL-113392,Residential Re-Roofing,Complete,,3/15/2016,2/18/2016,9/11/2016,5/3/2025,Permit,1552 SW 151 AVE
BUL-113418,RESIDENTIAL MISCELLANEOUS (LEGACY) - RESIDENTIAL PORCH ROOF - LEGACY,Complete,,,2/18/2016,8/16/2016,1/8/2024,Permit,2111 NW 76 Ter
BUL-113422,Residential Re-Roofing,Complete,,3/2/2016,2/18/2016,8/29/2016,5/2/2025,Permit,1525 LACOSTA Dr
BUL-113434,Residential Screen,Complete,,11/10/2016,2/18/2016,5/9/2017,5/3/2025,Permit,18805 NW 2 st
BUL-113461,Residential Re-Roofing,Complete,,3/7/2016,2/22/2016,9/3/2016,5/5/2025,Permit,17815 NW 21 St
BUL-113465,Residential Re-Roofing,Complete,,,2/22/2016,8/20/2016,8/9/2022,Permit,810 NW 76 Ave
BUL-113477,Residential Re-Roofing,Complete,,3/9/2016,2/22/2016,9/5/2016,3/9/2016,Permit,9310 NW 20 Ct
BUL-113538,Residential Re-Roofing,Complete,,3/7/2016,2/22/2016,9/3/2016,5/5/2025,Permit,801 NW 172 Ter
BUL-113550,Residential Re-Roofing,Complete,,3/7/2016,2/22/2016,9/3/2016,5/5/2025,Permit,1005 NW 164 Ave
BUL-113557,Residential Re-Roofing,Complete,,3/10/2016,2/23/2016,9/6/2016,5/2/2025,Permit,18562 NW 18 St
BUL-113575,Residential Re-Roofing,Complete,,3/17/2016,2/23/2016,9/13/2016,5/2/2025,Permit,7760 NW 8 St
BUL-113586,Residential Re-Roofing,Complete,,2/25/2016,2/23/2016,8/23/2016,5/5/2025,Permit,11680 SW 12 St
BUL-113590,Residential Re-Roofing,Complete,,3/28/2016,2/23/2016,9/24/2016,5/5/2025,Permit,17342 NW 6 Ct
BUL-113593,Residential Re-Roofing,Complete,,3/14/2016,2/23/2016,9/10/2016,5/5/2025,Permit,8618 SW 15 St
BUL-113594,Residential Re-Roofing,Complete,,3/9/2016,2/23/2016,9/5/2016,11/28/2023,Permit,1441 NW 97 Ter
BUL-113597,Residential Re-Roofing,Complete,,3/9/2016,2/23/2016,9/5/2016,5/5/2025,Permit,10861 N GOLFVIEW Dr
BUL-113609,Residential Re-Roofing,Complete,,3/7/2016,2/23/2016,9/3/2016,5/2/2025,Permit,8871 NW 6 St
BUL-113612,Residential Re-Roofing,Complete,,3/9/2016,2/23/2016,9/5/2016,5/5/2025,Permit,1600 NW 110 Ter
BUL-113622,Residential Re-Roofing,Complete,,3/10/2016,2/23/2016,9/6/2016,5/4/2025,Permit,11840 SHERIDAN st FRIEDLAND
BUL-11363,Residential Re-Roofing,Complete,,8/16/2010,8/11/2010,2/12/2011,5/1/2025,Permit,210 NW 204 AVE
BUL-113631,Residential Re-Roofing,Complete,,3/17/2016,2/23/2016,9/13/2016,5/1/2025,Permit,10220 SW 13 St
BUL-11364,Residential Re-Roofing,Complete,,8/16/2010,8/11/2010,2/12/2011,5/4/2025,Permit,359 SW 159 TER
BUL-113653,Residential Re-Roofing,Complete,,4/6/2016,2/24/2016,10/3/2016,5/5/2025,Permit,640 NW 77 Way
BUL-113655,Residential Re-Roofing,Complete,,3/7/2016,2/24/2016,9/3/2016,5/2/2025,Permit,231 SW 65 ave
BUL-113685,Residential Re-Roofing,Complete,,3/3/2016,2/24/2016,8/30/2016,3/3/2016,Permit,150 NW 72 Ter
BUL-113722,Residential Re-Roofing,Complete,,3/9/2016,2/25/2016,9/5/2016,5/5/2025,Permit,8561 NW 15 St
BUL-11377,Residential Re-Roofing,Complete,,8/18/2010,8/11/2010,2/14/2011,5/5/2025,Permit,1530 NW 98 TER
BUL-113807,Residential Re-Roofing,Complete,,3/17/2016,2/25/2016,9/13/2016,5/1/2025,Permit,100 SW 69 Ter
BUL-113812,Residential Re-Roofing,Complete,,3/10/2016,2/25/2016,9/6/2016,5/3/2025,Permit,752 SW 158 Ter
BUL-113821,Residential Re-Roofing,Complete,,3/1/2016,2/29/2016,8/28/2016,5/5/2025,Permit,8431 NW 19 St
BUL-113822,Residential Re-Roofing,Complete,,3/23/2016,2/29/2016,9/19/2016,5/3/2025,Permit,1241 NW 184 Ter
BUL-113827,Residential Re-Roofing,Complete,,3/16/2016,2/29/2016,9/12/2016,5/4/2025,Permit,7690 NW 15 Ct
BUL-113833,Residential Re-Roofing,Complete,,3/10/2016,2/29/2016,9/6/2016,5/4/2025,Permit,8620 NW 12 St
BUL-11384,Residential Re-Roofing,Complete,,8/17/2010,8/11/2010,2/13/2011,5/1/2025,Permit,511 NW 98 AVE
BUL-113842,Residential Re-Roofing,Complete,,3/28/2016,2/29/2016,9/24/2016,5/1/2025,Permit,8361 NW 7 St
BUL-113846,Residential Re-Roofing,Complete,,3/14/2016,2/29/2016,9/10/2016,3/14/2016,Permit,6941 SW 12 St
BUL-113850,Residential Re-Roofing,Complete,,3/10/2016,2/29/2016,9/6/2016,3/10/2016,Permit,20251 NW 5 St
BUL-113877,Residential Re-Roofing,Complete,,3/15/2016,2/29/2016,9/11/2016,3/15/2016,Permit,10620 NW 22 St
BUL-113879,Residential Re-Roofing,Complete,,3/2/2016,2/29/2016,8/29/2016,5/5/2025,Permit,6490 SW 5 st
BUL-113884,Residential Re-Roofing,Complete,,3/14/2016,2/29/2016,9/10/2016,3/14/2016,Permit,10930 CYPRESS Rd
BUL-11397,Residential Re-Roofing,Complete,,9/16/2010,8/12/2010,3/15/2011,5/2/2025,Permit,16309 NW 11 ST
BUL-113987,Residential Re-Roofing,Complete,,3/15/2016,3/1/2016,9/11/2016,5/4/2025,Permit,8711 NW 19 St
BUL-114016,Residential Re-Roofing,Complete,,3/23/2016,3/1/2016,9/19/2016,5/3/2025,Permit,2010 NW 86 Ave
BUL-114113,Residential Re-Roofing,Complete,,3/30/2016,3/2/2016,9/26/2016,5/2/2025,Permit,1410 LAGUNA Ln
BUL-114114,Residential Re-Roofing,Complete,,3/17/2016,3/2/2016,9/13/2016,5/3/2025,Permit,1821 NW 185 Ave
BUL-114153,Residential Re-Roofing,Complete,,3/22/2016,3/3/2016,9/18/2016,5/1/2025,Permit,9852 NW 15 ST
BUL-114175,Residential Re-Roofing,Complete,,3/22/2016,3/3/2016,9/18/2016,3/22/2016,Permit,11601 NW 15 St
BUL-114184,Residential Re-Roofing,Complete,,3/9/2016,3/3/2016,9/5/2016,5/3/2025,Permit,9421 NW 19 St
BUL-114249,Residential Re-Roofing,Complete,,3/24/2016,3/7/2016,9/20/2016,5/1/2025,Permit,18405 NW 13 St
BUL-114257,Residential Re-Roofing,Complete,,3/21/2016,3/7/2016,9/17/2016,5/1/2025,Permit,400 SW 64 Pkwy
BUL-114263,Residential Re-Roofing,Complete,,3/23/2016,3/7/2016,9/19/2016,5/5/2025,Permit,1620 W GOLFVIEW Dr
BUL-114300,Residential Re-Roofing,Complete,,3/24/2016,3/7/2016,9/20/2016,5/3/2025,Permit,1500 NW 112 Ter
BUL-114376,Residential Re-Roofing,Complete,,3/22/2016,3/8/2016,9/18/2016,5/1/2025,Permit,9469 PALM CIRCLE N BLDG 2
BUL-114390,Residential Re-Roofing,Complete,,3/29/2016,3/8/2016,9/25/2016,5/1/2025,Permit,2371 OAK Ct
BUL-114392,Residential Re-Roofing,Complete,,3/29/2016,3/8/2016,9/25/2016,5/1/2025,Permit,2381 OAK Ct
BUL-11441,Residential Re-Roofing,Complete,,8/24/2010,8/12/2010,2/20/2011,1/21/2025,Permit,11900 TAFT ST ST
BUL-114421,Residential Re-Roofing,Complete,,3/28/2016,3/9/2016,9/24/2016,5/4/2025,Permit,7151 SW 10 St
BUL-114463,Residential Re-Roofing,Complete,,4/5/2016,3/9/2016,10/2/2016,5/4/2025,Permit,8421 NW 15 Ct
BUL-114464,Residential Re-Roofing,Complete,,4/5/2016,3/9/2016,10/2/2016,5/5/2025,Permit,1137 NW 124 Ave
BUL-114465,Residential Re-Roofing,Complete,,4/5/2016,3/9/2016,10/2/2016,5/2/2025,Permit,16448 SW 1 Ct
BUL-114467,Residential Re-Roofing,Complete,,3/24/2016,3/9/2016,9/20/2016,5/1/2025,Permit,18427 NW 13 St
BUL-114531,Residential Re-Roofing,Complete,,3/24/2016,3/10/2016,9/20/2016,5/5/2025,Permit,151 SW 135 TER BUILD
BUL-114532,Residential Re-Roofing,Complete,,3/24/2016,3/10/2016,9/20/2016,5/2/2025,Permit,13500 SW 1 ST
BUL-114533,Residential Re-Roofing,Complete,,5/2/2016,3/10/2016,10/29/2016,5/3/2025,Permit,12800 SW 7 CT
BUL-114564,Residential Re-Roofing,Complete,,3/22/2016,3/10/2016,9/18/2016,5/1/2025,Permit,10151 NW 3 St
BUL-114570,Residential Re-Roofing,Complete,,3/23/2016,3/10/2016,9/19/2016,5/2/2025,Permit,1251 SW 85 Ave
BUL-11458,Residential Re-Roofing,Complete,,8/30/2010,8/16/2010,2/26/2011,5/3/2025,Permit,1631 NW 118 TER
BUL-11459,Residential Re-Roofing,Complete,,8/23/2010,8/16/2010,2/19/2011,5/3/2025,Permit,10330 NW 18 PL
BUL-114593,Residential Re-Roofing,Complete,,3/29/2016,3/14/2016,9/25/2016,5/2/2025,Permit,9291 NW 11 Ct
BUL-114594,Residential Re-Roofing,Complete,,3/23/2016,3/14/2016,9/19/2016,5/2/2025,Permit,280 SW 178 Way
BUL-114620,Residential Re-Roofing,Complete,,4/13/2016,3/14/2016,10/10/2016,5/4/2025,Permit,11421 NW 13 Ct
BUL-114652,Residential Re-Roofing,Complete,,4/4/2016,3/14/2016,10/1/2016,5/5/2025,Permit,12001 NW 14 Ct
BUL-114656,Residential Re-Roofing,Complete,,4/4/2016,3/14/2016,10/1/2016,5/4/2025,Permit,610 SW 70 Ave
BUL-114677,Residential Re-Roofing,Complete,,4/12/2016,3/14/2016,10/9/2016,5/4/2025,Permit,9330 NW 14 St
BUL-114701,Residential Re-Roofing,Complete,,3/24/2016,3/14/2016,9/20/2016,5/5/2025,Permit,211 SW 63 Ter
BUL-11471,Residential Re-Roofing,Complete,,9/1/2010,8/16/2010,2/28/2011,5/3/2025,Permit,460 SW 181ST AVE
BUL-114751,Residential Re-Roofing,Complete,,4/6/2016,3/15/2016,10/3/2016,5/2/2025,Permit,18120 NW 18 St
BUL-114769,Residential Awning/Canopy/Framed Aluminum Roof,Complete,,6/1/2016,3/15/2016,11/28/2016,5/1/2025,Permit,8607 SW 14 Ct
BUL-114780,Residential Re-Roofing,Complete,,4/4/2016,3/15/2016,10/1/2016,5/2/2025,Permit,11510 NW 23 St
BUL-114782,Residential Re-Roofing,Complete,,3/22/2016,3/15/2016,9/18/2016,5/4/2025,Permit,1286 NW 123 Ave
BUL-114783,Residential Re-Roofing,Complete,,3/31/2016,3/15/2016,9/27/2016,3/31/2016,Permit,7790 TAFT St
BUL-114786,Residential Re-Roofing,Complete,,3/31/2016,3/15/2016,9/27/2016,5/4/2025,Permit,8480 NW 14 St
BUL-114788,Residential Re-Roofing,Complete,,4/5/2016,3/15/2016,10/2/2016,5/4/2025,Permit,1902 NW 184 Ter
BUL-11479,Residential Re-Roofing,Complete,,8/19/2010,8/16/2010,2/15/2011,5/4/2025,Permit,10575 SW 12 MNR
BUL-114792,Residential Re-Roofing,Complete,,3/31/2016,3/15/2016,9/27/2016,5/3/2025,Permit,7741 NW 10 St
BUL-114857,Residential Re-Roofing,Complete,,3/29/2016,3/16/2016,9/25/2016,3/5/2025,Permit,7741 NW 6 St
BUL-114864,Residential Re-Roofing,Complete,,4/5/2016,3/16/2016,10/2/2016,4/5/2016,Permit,731 NW 84 Ave
BUL-114888,Residential Re-Roofing,Complete,,4/7/2016,3/16/2016,10/4/2016,5/3/2025,Permit,1630 NW 96 Ave
BUL-11489,Residential Re-Roofing,Complete,,8/23/2010,8/16/2010,2/19/2011,5/1/2025,Permit,20260 NW 2 ST
BUL-114950,Residential Re-Roofing,Complete,,3/31/2016,3/17/2016,9/27/2016,3/31/2016,Permit,12009 NW 13 St
BUL-114958,Residential Re-Roofing,Complete,,4/4/2016,3/17/2016,10/1/2016,5/2/2025,Permit,6960 SW 9 St
BUL-114985,Residential Re-Roofing,Complete,,4/12/2016,3/17/2016,10/9/2016,5/4/2025,Permit,620 SW 69 Ave
BUL-114988,Residential Re-Roofing,Complete,,4/4/2016,3/17/2016,10/1/2016,5/4/2025,Permit,8131 NW 15 St
BUL-115038,Residential Re-Roofing,Complete,,4/7/2016,3/21/2016,10/4/2016,4/7/2016,Permit,320 NW 195 Ave
BUL-11504,Residential Re-Roofing,Complete,,9/22/2010,8/16/2010,3/21/2011,5/4/2025,Permit,1220 SW 103 AVE
BUL-115044,Residential Re-Roofing,Complete,,4/4/2016,3/21/2016,10/1/2016,5/3/2025,Permit,6631 SW 4 St
BUL-115049,Residential Re-Roofing,Complete,,4/25/2016,3/21/2016,10/22/2016,5/4/2025,Permit,1231 E GOLFVIEW Dr
BUL-115051,Residential Re-Roofing,Complete,,4/5/2016,3/21/2016,10/2/2016,5/1/2025,Permit,1020 NW 79 Way
BUL-115072,Residential Re-Roofing,Complete,,4/5/2016,3/21/2016,10/2/2016,5/4/2025,Permit,1400 NW 92 AVE
BUL-115074,Residential Re-Roofing,Complete,,4/5/2016,3/21/2016,10/2/2016,5/3/2025,Permit,9250 NW 14 ST
BUL-115077,Residential Re-Roofing,Complete,,4/6/2016,3/21/2016,10/3/2016,5/4/2025,Permit,1561 N HIATUS Rd
BUL-115102,Residential Re-Roofing,Complete,,4/5/2016,3/21/2016,10/2/2016,5/4/2025,Permit,1931 NW 86 Ter
BUL-115114,Residential Re-Roofing,Complete,,4/5/2016,3/21/2016,10/2/2016,5/4/2025,Permit,1410 NW 114 Ave
BUL-115145,Residential Re-Roofing,Complete,,4/14/2016,3/22/2016,10/11/2016,5/5/2025,Permit,331 NW 193 Ave
BUL-115148,Residential Re-Roofing,Complete,,4/5/2016,3/22/2016,10/2/2016,5/3/2025,Permit,810 SW 70 Ave
BUL-115152,Residential Re-Roofing,Complete,,4/5/2016,3/22/2016,10/2/2016,5/2/2025,Permit,371 NW 162 Ave
BUL-115155,Residential Re-Roofing,Complete,,4/7/2016,3/22/2016,10/4/2016,4/7/2016,Permit,5421 SW 199 Ave
BUL-115206,Residential Re-Roofing,Complete,,4/4/2016,3/22/2016,10/1/2016,5/1/2025,Permit,1531 LACOSTA Dr
BUL-115221,Residential Re-Roofing,Complete,,4/6/2016,3/23/2016,10/3/2016,5/3/2025,Permit,2041 NW 85 Ave
BUL-115222,Residential Re-Roofing,Complete,,4/12/2016,3/23/2016,10/9/2016,5/4/2025,Permit,421 SW 64 Way
BUL-115227,Residential Re-Roofing,Complete,,4/6/2016,3/23/2016,10/3/2016,5/1/2025,Permit,119 SW 68 Ave
BUL-115248,Residential Re-Roofing,Complete,,4/5/2016,3/23/2016,10/2/2016,5/4/2025,Permit,1130 NW 79 Way
BUL-115297,Residential Re-Roofing,Complete,,4/11/2016,3/24/2016,10/8/2016,4/11/2016,Permit,17952 SW 11 St
BUL-11530,Residential Re-Roofing,Complete,,8/23/2010,8/17/2010,2/19/2011,5/5/2025,Permit,11041 TAFT ST ST
BUL-115337,Residential Awning/Canopy/Framed Aluminum Roof,Complete,,4/19/2016,3/24/2016,10/16/2016,5/3/2025,Permit,7076 CORONADO Way
BUL-115397,RESIDENTIAL MISCELLANEOUS (LEGACY) - RESIDENTIAL PORCH ROOF - LEGACY,Complete,,5/18/2016,3/28/2016,11/14/2016,5/2/2025,Permit,550 NW 159 Ave
BUL-115400,Residential Re-Roofing,Complete,,4/11/2016,3/28/2016,10/8/2016,5/5/2025,Permit,1256 nw 98 Ter
BUL-115403,Residential Re-Roofing,Complete,,3/29/2016,3/28/2016,9/25/2016,5/5/2025,Permit,20202 SW 52 Pl
BUL-115415,Residential Re-Roofing,Complete,,4/6/2016,3/28/2016,10/3/2016,5/4/2025,Permit,1004 NW 180 Ave
BUL-115468,Residential Re-Roofing,Complete,,4/12/2016,3/29/2016,10/9/2016,5/5/2025,Permit,1933 NW 184 Way
BUL-115469,Residential Re-Roofing,Complete,,4/12/2016,3/29/2016,10/9/2016,5/5/2025,Permit,16436 SW 1 Ct
BUL-115493,Residential Re-Roofing,Complete,,4/21/2016,3/29/2016,10/18/2016,5/1/2025,Permit,20261 NW 5 St
BUL-115495,Residential Re-Roofing,Complete,,4/21/2016,3/29/2016,10/18/2016,5/5/2025,Permit,20320 NW 4 St
BUL-115547,Residential Re-Roofing,Complete,,4/6/2016,3/30/2016,10/3/2016,5/4/2025,Permit,8650 PASADENA Blvd
BUL-115551,Residential Re-Roofing,Complete,,4/12/2016,3/30/2016,10/9/2016,5/4/2025,Permit,1111 W FAIRWAY Rd
BUL-115575,Residential Re-Roofing,Complete,,4/7/2016,3/30/2016,10/4/2016,5/1/2025,Permit,8151 NW 10 St
BUL-115601,Residential Re-Roofing,Complete,,4/12/2016,3/30/2016,10/9/2016,5/5/2025,Permit,10961 CEDAR LANE  
BUL-115629,Residential Re-Roofing,Complete,,4/11/2016,3/31/2016,10/8/2016,5/3/2025,Permit,11384 NW 15 ct
BUL-115644,Residential Re-Roofing,Complete,,4/12/2016,3/31/2016,10/9/2016,5/2/2025,Permit,12282 NW 11 St
BUL-115671,Residential Re-Roofing,Complete,,4/21/2016,3/31/2016,10/18/2016,5/4/2025,Permit,11520 SW 10 st
BUL-11568,Residential Re-Roofing,Complete,,8/24/2010,8/18/2010,2/20/2011,5/1/2025,Permit,2441 NW 82 AVE
BUL-115703,Residential Re-Roofing,Complete,,4/12/2016,4/4/2016,10/9/2016,5/5/2025,Permit,7160 SW 10 St
BUL-115712,Residential Re-Roofing,Complete,,4/11/2016,4/4/2016,10/8/2016,5/2/2025,Permit,8121 NW 15 St
BUL-115727,Residential Re-Roofing,Complete,,5/16/2016,4/4/2016,11/12/2016,5/3/2025,Permit,6771 SW 11 St
BUL-115762,Residential Re-Roofing,Complete,,4/7/2016,4/4/2016,10/4/2016,5/3/2025,Permit,2101 NW 103 Ave
BUL-11577,Residential Awning/Canopy/Framed Aluminum Roof,Complete,,1/11/2011,8/18/2010,7/10/2011,5/4/2025,Permit,321 NW 88 AVE
BUL-11579,Residential Re-Roofing,Complete,,9/9/2010,8/18/2010,3/8/2011,5/2/2025,Permit,910 SW 174 TERR
BUL-115805,Residential Re-Roofing,Complete,,4/11/2016,4/5/2016,10/8/2016,5/2/2025,Permit,10120 SHERIDAN St
BUL-115808,Residential Awning/Canopy/Framed Aluminum Roof,Complete,,6/9/2016,4/5/2016,12/6/2016,6/9/2016,Permit,610 NW 214 Ave
BUL-11582,Residential Re-Roofing,Complete,,8/19/2010,8/18/2010,2/15/2011,,Permit,1300 SW 124 TERR
BUL-11586,Residential Re-Roofing,Complete,,8/30/2010,8/18/2010,2/26/2011,,Permit,1110 SW 125 AVE
BUL-115872,Residential Re-Roofing,Complete,,4/26/2016,4/6/2016,10/23/2016,5/3/2025,Permit,18916 NW 10 St
BUL-115873,Residential Re-Roofing,Complete,,4/27/2016,4/6/2016,10/24/2016,5/3/2025,Permit,19351 NW 7 St
BUL-115879,Residential Re-Roofing,Complete,,4/18/2016,4/6/2016,10/15/2016,5/5/2025,Permit,1546 NW 183 Ter
BUL-11592,Residential Re-Roofing,Complete,,10/5/2010,8/18/2010,4/3/2011,5/3/2025,Permit,11601 SW 9 CT
BUL-11595,Residential Re-Roofing,Complete,,8/25/2010,8/19/2010,2/21/2011,8/25/2010,Permit,8691 NW 4TH ST
BUL-115958,Residential Re-Roofing,Complete,,4/14/2016,4/6/2016,10/11/2016,5/1/2025,Permit,19930 NW 2 St
BUL-116055,Residential Re-Roofing,Complete,,5/12/2016,4/7/2016,11/8/2016,5/2/2025,Permit,11811 NW 13 St
BUL-11611,Residential Re-Roofing,Complete,,8/31/2010,8/19/2010,2/27/2011,,Permit,89808994 Palm Tree Lane
BUL-11612,Residential Re-Roofing,Complete,,8/31/2010,8/19/2010,2/27/2011,,Permit,82958911 PALM TREE LANE
BUL-11616,Residential Re-Roofing,Complete,,8/31/2010,8/19/2010,2/27/2011,5/4/2025,Permit,16353 NW 8 DR
BUL-116188,Residential Re-Roofing,Complete,,4/25/2016,4/11/2016,10/22/2016,5/4/2025,Permit,18409 NW 9 St
BUL-116212,Residential Re-Roofing,Complete,,4/20/2016,4/11/2016,10/17/2016,4/20/2016,Permit,1482 SW 151 Ave
BUL-116214,Residential Re-Roofing,Complete,,4/19/2016,4/11/2016,10/16/2016,5/4/2025,Permit,6901 SW 2 St
BUL-116241,Residential Re-Roofing,Complete,,4/19/2016,4/11/2016,10/16/2016,5/3/2025,Permit,731 SW 67 Ter
BUL-116244,Residential Re-Roofing,Complete,,5/11/2016,4/11/2016,11/7/2016,5/5/2025,Permit,800 SW 95 Ter
BUL-116246,Residential Re-Roofing,Complete,,4/20/2016,4/11/2016,10/17/2016,5/4/2025,Permit,19340 NW 5 St
BUL-11625,Residential Re-Roofing,Complete,,9/8/2010,8/19/2010,3/7/2011,5/1/2025,Permit,9870 NW 10 ST
BUL-116258,Residential Re-Roofing,Complete,,5/11/2016,4/11/2016,11/7/2016,5/1/2025,Permit,6910 SW 9 St
BUL-116338,Residential Re-Roofing,Complete,,5/3/2016,4/12/2016,10/30/2016,5/1/2025,Permit,10901 BIRCHWOOD Pl
BUL-116340,Residential Re-Roofing,Complete,,4/21/2016,4/12/2016,10/18/2016,5/1/2025,Permit,17412 NW 8 St
BUL-116365,Residential Re-Roofing,Complete,,5/11/2016,4/13/2016,11/7/2016,5/5/2025,Permit,9796 NW 15 ST
BUL-116369,Residential Re-Roofing,Complete,,4/20/2016,4/13/2016,10/17/2016,5/4/2025,Permit,11131 NW 19 St
BUL-116377,RESIDENTIAL MISCELLANEOUS (LEGACY) - RESIDENTIAL PORCH ROOF - LEGACY,Complete,,5/4/2016,4/13/2016,10/31/2016,5/4/2025,Permit,15911 SW 14 st
BUL-116385,Residential Awning/Canopy/Framed Aluminum Roof,Complete,,5/18/2016,4/13/2016,11/14/2016,5/4/2025,Permit,"11328 SW 12 ST,"
BUL-116414,Residential Re-Roofing,Complete,,4/21/2016,4/13/2016,10/18/2016,5/5/2025,Permit,20360 NW 3 St
BUL-116421,Residential Re-Roofing,Complete,,4/25/2016,4/13/2016,10/22/2016,5/4/2025,Permit,10310 JASMINE Ct
BUL-116433,RESIDENTIAL MISCELLANEOUS (LEGACY) - RESIDENTIAL PORCH ROOF - LEGACY,Complete,,5/17/2016,4/14/2016,11/13/2016,5/5/2025,Permit,9291 NW 11 Ct
BUL-116438,Residential Re-Roofing,Complete,,4/26/2016,4/14/2016,10/23/2016,5/1/2025,Permit,2250 NW 87 Ter
BUL-116440,Residential Re-Roofing,Complete,,4/26/2016,4/14/2016,10/23/2016,5/4/2025,Permit,18265 NW 12 St
BUL-116498,Residential Re-Roofing,Complete,,4/20/2016,4/14/2016,10/17/2016,5/2/2025,Permit,8610 NW 3 St
BUL-116519,Residential Re-Roofing,Complete,,5/4/2016,4/14/2016,10/31/2016,5/4/2025,Permit,6848 SW 10 Ct
BUL-11654,Residential Re-Roofing,Complete,,8/30/2010,8/23/2010,2/26/2011,5/1/2025,Permit,711 SW 68 AVE
BUL-116542,Residential Re-Roofing,Complete,,4/26/2016,4/18/2016,10/23/2016,5/4/2025,Permit,9031 NW 21 St
BUL-116545,Residential Re-Roofing,Complete,,4/20/2016,4/18/2016,10/17/2016,5/2/2025,Permit,11912 NW 12 St
BUL-11655,Residential Re-Roofing,Complete,,8/30/2010,8/23/2010,2/26/2011,5/5/2025,Permit,9666 NW 16 CT
BUL-116552,Residential Re-Roofing,Complete,,4/26/2016,4/18/2016,10/23/2016,5/1/2025,Permit,1701 NW 85 WAY
BUL-116560,Residential Re-Roofing,Complete,,4/26/2016,4/18/2016,10/23/2016,5/4/2025,Permit,6940 SW 14 st
BUL-116593,Residential Re-Roofing,Complete,,4/25/2016,4/18/2016,10/22/2016,5/5/2025,Permit,1201 W FAIRWAY Rd
BUL-11668,RESIDENTIAL MISCELLANEOUS (LEGACY) - RESIDENTIAL PORCH ROOF - LEGACY,Complete,,9/13/2010,8/23/2010,3/12/2011,5/3/2025,Permit,7741 NW 8 ST
BUL-116685,Residential Re-Roofing,Complete,,5/5/2016,4/19/2016,11/1/2016,5/2/2025,Permit,7121 SW 11 st
BUL-116692,Residential Re-Roofing,Complete,,5/9/2016,4/19/2016,11/5/2016,5/4/2025,Permit,7640 NW 16 ct
BUL-116697,Residential Re-Roofing,Complete,,4/26/2016,4/19/2016,10/23/2016,5/2/2025,Permit,11821 NW 15 ct
BUL-11672,Residential Re-Roofing,Complete,,9/15/2010,8/23/2010,3/14/2011,5/4/2025,Permit,1991 NW 178 TER
BUL-116727,Residential Re-Roofing,Complete,,5/3/2016,4/20/2016,10/30/2016,5/2/2025,Permit,1321 W GOLFVIEW Dr
BUL-116743,Residential Re-Roofing,Complete,,4/26/2016,4/20/2016,10/23/2016,5/1/2025,Permit,"8480 NW 16 st,"
BUL-116753,Residential Re-Roofing,Complete,,4/28/2016,4/20/2016,10/25/2016,5/2/2025,Permit,14910 SW 15 st
BUL-116755,Residential Re-Roofing,Complete,,4/27/2016,4/20/2016,10/24/2016,5/5/2025,Permit,1121 SW 115 ave
BUL-116759,Residential Re-Roofing,Complete,,4/28/2016,4/20/2016,10/25/2016,5/5/2025,Permit,8571 NW 4 St
BUL-116785,Residential Re-Roofing,Complete,,4/26/2016,4/20/2016,10/23/2016,5/5/2025,Permit,610 NW 204 Ave
BUL-116828,Residential Re-Roofing,Complete,,4/28/2016,4/21/2016,10/25/2016,5/2/2025,Permit,18135 NW 21 St
BUL-116913,Residential Re-Roofing,Complete,,4/28/2016,4/25/2016,10/25/2016,5/1/2025,Permit,10831 N GOLFVIEW Dr
BUL-116925,Residential Re-Roofing,Complete,,5/4/2016,4/25/2016,10/31/2016,5/4/2025,Permit,11010 SW 10 Ct
BUL-11693,Residential Re-Roofing,Complete,,9/7/2010,8/24/2010,3/6/2011,5/1/2025,Permit,6910 SW 12 ST
BUL-116950,Residential Re-Roofing,Complete,,5/23/2016,4/25/2016,11/19/2016,5/1/2025,Permit,951 NW 122 Ter
BUL-116954,Residential Re-Roofing,Complete,,5/4/2016,4/25/2016,10/31/2016,5/3/2025,Permit,9740 SW 13 St
BUL-116959,Residential Re-Roofing,Complete,,5/2/2016,4/25/2016,10/29/2016,5/2/2016,Permit,2121 NW 108 Ave
BUL-117037,Residential Re-Roofing,Complete,,5/4/2016,4/26/2016,10/31/2016,5/5/2025,Permit,401 NW 197 Ave
BUL-117038,Residential Re-Roofing,Complete,,5/9/2016,4/26/2016,11/5/2016,5/4/2025,Permit,7001 SW 10 Ct
BUL-117039,Residential Re-Roofing,Complete,,5/4/2016,4/26/2016,10/31/2016,5/1/2025,Permit,9978 NW 10 ST
BUL-117118,Residential Re-Roofing,Complete,,5/2/2016,4/26/2016,10/29/2016,5/1/2025,Permit,17895 NW 21 St
BUL-117124,Residential Re-Roofing,Complete,,5/3/2016,4/26/2016,10/30/2016,5/5/2025,Permit,16444 SW 1 ct
BUL-117128,Residential Re-Roofing,Complete,,6/1/2016,4/26/2016,11/28/2016,5/1/2025,Permit,800 NW 168 Ave
BUL-11714,Residential Re-Roofing,Complete,,9/2/2010,8/25/2010,3/1/2011,5/5/2025,Permit,632 SW 158 TER
BUL-117165,Residential Re-Roofing,Complete,,5/3/2016,4/26/2016,10/30/2016,5/4/2025,Permit,700 SW 64 Way
BUL-117176,Residential Re-Roofing,Complete,,5/4/2016,4/27/2016,10/31/2016,5/4/2025,Permit,11010 NW 15 Ct
BUL-117195,Residential Re-Roofing,Complete,,5/5/2016,4/27/2016,11/1/2016,5/5/2025,Permit,1100 NW 79 WAY
BUL-117220,Residential Re-Roofing,Complete,,6/27/2016,4/27/2016,12/24/2016,5/5/2025,Permit,20747 NW 3 Ct
BUL-117221,Residential Re-Roofing,Complete,,5/9/2016,4/27/2016,11/5/2016,5/3/2025,Permit,1551 W GOLFVIEW DRIVE
BUL-117222,Residential Re-Roofing,Complete,,5/3/2016,4/27/2016,10/30/2016,5/3/2016,Permit,411 SW 64 Way
BUL-117223,RESIDENTIAL MISCELLANEOUS (LEGACY) - RESIDENTIAL PORCH ROOF - LEGACY,Complete,,10/25/2016,4/27/2016,4/23/2017,5/3/2025,Permit,1162 NW 162 Ave
BUL-117239,Residential Re-Roofing,Complete,,5/9/2016,4/27/2016,11/5/2016,5/5/2025,Permit,1521 SW 97 Ave
BUL-117265,Residential Re-Roofing,Complete,,5/12/2016,4/27/2016,11/8/2016,5/3/2025,Permit,1901 NW 104 Ave
BUL-117268,Residential Re-Roofing,Complete,,5/10/2016,4/27/2016,11/6/2016,5/3/2025,Permit,2041 BAYBERRY Dr
BUL-117280,Residential Re-Roofing,Complete,,5/10/2016,4/28/2016,11/6/2016,5/4/2025,Permit,7180 SW 12 St
BUL-117330,Residential Re-Roofing,Complete,,5/18/2016,4/28/2016,11/14/2016,5/3/2025,Permit,400 SW 68 Blvd
BUL-117331,Residential Re-Roofing,Complete,,5/12/2016,4/28/2016,11/8/2016,5/4/2025,Permit,10441 NW 19 PLACE
BUL-117332,Residential Re-Roofing,Complete,,5/18/2016,4/28/2016,11/14/2016,5/4/2025,Permit,950 NW 197 Ter
BUL-117333,Residential Re-Roofing,Complete,,5/23/2016,4/28/2016,11/19/2016,5/5/2025,Permit,1641 W FAIRWAY Rd
BUL-117338,Residential Re-Roofing,Complete,,5/31/2016,4/28/2016,11/27/2016,5/2/2025,Permit,610 NW 86 ave
BUL-117360,Residential Re-Roofing,Complete,,5/12/2016,4/28/2016,11/8/2016,5/3/2025,Permit,16160 SW 2 Dr
BUL-117447,Residential Re-Roofing,Complete,,5/24/2016,5/2/2016,11/20/2016,5/24/2016,Permit,392 SW 159 Dr
BUL-117483,Residential Re-Roofing,Complete,,5/16/2016,5/2/2016,11/12/2016,5/4/2025,Permit,8161 NW 12 St
BUL-11756,Residential Re-Roofing,Complete,,9/23/2010,8/26/2010,3/22/2011,5/2/2025,Permit,10300 GREENHOUSE RD ST
BUL-117572,Residential Re-Roofing,Complete,,5/4/2016,5/3/2016,10/31/2016,5/5/2025,Permit,11806 NW 13 St
BUL-11760,Residential Re-Roofing,Complete,,9/7/2010,8/26/2010,3/6/2011,5/1/2025,Permit,1541 LACOSTA DR E
BUL-117669,Residential Re-Roofing,Complete,,5/16/2016,5/3/2016,11/12/2016,5/3/2025,Permit,1140 WILSHIRE Cir
BUL-117686,Residential Re-Roofing,Complete,,5/9/2016,5/4/2016,11/5/2016,5/2/2025,Permit,11910 NW 14 Ct
BUL-117692,Residential Re-Roofing,Complete,,5/12/2016,5/4/2016,11/8/2016,5/5/2025,Permit,18518 NW 19 St
BUL-117708,Residential Re-Roofing,Complete,,5/5/2016,5/4/2016,11/1/2016,5/4/2025,Permit,221 SW 64 Way
BUL-117763,Residential Re-Roofing,Complete,,5/17/2016,5/4/2016,11/13/2016,5/5/2025,Permit,7641 NW 13 st
BUL-117826,Residential Re-Roofing,Complete,,6/9/2016,5/5/2016,12/6/2016,5/2/2025,Permit,20117 SW 54 Pl
BUL-11783,Residential Re-Roofing,Complete,,10/20/2010,8/26/2010,4/18/2011,5/1/2025,Permit,9831 SW 16 ct
BUL-117854,Residential Re-Roofing,Complete,,5/24/2016,5/5/2016,11/20/2016,5/1/2025,Permit,1491 NW 113 Ave
BUL-117861,Residential Re-Roofing,Complete,,5/18/2016,5/5/2016,11/14/2016,5/2/2025,Permit,1516 SW 148 Ter
