ApplicationNumber,Address,ParcelID,Contractor,WorkType,Status
17-00002394,6195 LAUREL LN,494111-10-037-1,A & A ROOFING CONTRACTORS INC,ROOFING OR RE-ROOFING,CLOSED
16-00000417,7182 WOODMONT WAY,494104-67-022-4,A & J ROOFING CORP,ROOFING OR RE-ROOFING,CLOSED
19-00000247,7606 NW 66 TER,494103-05-023-0,A & J ROOFING CORP,ROOFING OR RE-ROOFING,DUPLICATE
19-00000242,7606 NW 66 TER,494103-05-023-0,A & J ROOFING CORP,ROOFING OR RE-ROOFING,CLOSED
22-00001684,4907 NW 55 ST,494113-10-088-0,A & J ROOFING CORP,ROOFING OR RE-ROOFING,APPROVED
14-00001945,7808 BEECHFERN CIR,494104-AB-021-0,A & M FOX ROOFING,ROOFING OR RE-ROOFING,CLOSED
14-00003864,7000 NW 103 AVE,494106-01-224-0,A & M FOX ROOFING,ROOFING OR RE-ROOFING,CLOSED
16-00000814,9828 MALVERN DR,494105-33-083-0,A & M FOX ROOFING,ROOFING OR RE-ROOFING,CLOSED
16-00001498,4716 NW 50 ST,494113-11-168-0,A & M FOX ROOFING,ROOFING OR RE-ROOFING,CLOSED
16-00005177,9701 NW 67 ST,494108-05-148-0,A & M FOX ROOFING,ROOFING OR RE-ROOFING,CLOSED
18-00003451,9606 NW 67 CT,494108-05-135-0,A & M FOX ROOFING,ROOFING OR RE-ROOFING,CLOSED
06-00007749,8931 NW 67 CT,494108-11-019-0,A & M FOX ROOFING,ROOF SHINGLE (NEW OR REROOF),CLOSED
18-00000481,9109 NW 73 ST,494105-05-033-0,A & M FOX ROOFING INC,ROOFING OR RE-ROOFING,CLOSED
18-00001099,5401 BAYBERRY LN,494114-02-054-0,A & M FOX ROOFING INC,ROOFING OR RE-ROOFING,CLOSED
20-00001167,4708 NW 44 CT,494113-09-023-0,A & M FOX ROOFING INC,ROOFING OR RE-ROOFING,CLOSED
22-00005862,6606 NW 72 ST,494103-03-159-0,A & M FOX ROOFING INC,ROOFING OR RE-ROOFING,APPROVED
23-00001302,8204 NW 59 CT,494109-05-092-0,A & M FOX ROOFING INC,ROOFING OR RE-ROOFING,CLOSED
23-00001627,7308 NW 61 ST,494110-04-296-0,A & M FOX ROOFING INC,ROOFING OR RE-ROOFING,CLOSED
20-00000265,4562 NW 16 WAY,494216-09-089-0,A CROWN ROOFING,ROOFING OR RE-ROOFING,CLOSED
00-00000290,8109 NW 73 AVE,494103-18-217-0,A GOOD REROOFING SVS INC,ROOF SHINGLE (NEW OR REROOF),VOID
00-00000533,8109 NW 73 AVE,494103-18-217-0,A GOOD REROOFING SVS INC,"ADDITIONS, RESIDENTIAL",CLOSED
00-00000922,8110 NW 73 AVE,494103-18-251-0,A GOOD REROOFING SVS INC,ROOF SHINGLE (NEW OR REROOF),CLOSED
00-00002393,7812 NW 74 AVE,494103-06-071-0,A GOOD REROOFING SVS INC,"ALTERATIONS, RESIDENTIAL",CLOSED
00-00003333,7007 NW 79 AVE,494104-21-039-0,A GOOD REROOFING SVS INC,ROOF SHINGLE (NEW OR REROOF),CLOSED
01-00001642,8009 NW 102 WAY,494106-02-112-0,A GOOD REROOFING SVS INC,ROOF SHINGLE (NEW OR REROOF),CLOSED
01-00003608,8109 NW 73 AVE,494103-18-217-0,A GOOD REROOFING SVS INC,"ALTERATIONS, RESIDENTIAL",CLOSED
01-00003609,5702 SWORDFISH CIR,494111-09-005-0,A GOOD REROOFING SVS INC,ROOF SHINGLE (NEW OR REROOF),CLOSED
01-00003610,6182 LAUREL LN,494111-10-011-3,A GOOD REROOFING SVS INC,ROOF SHINGLE (NEW OR REROOF),CLOSED
01-00003611,6182 LAUREL LN,494111-10-011-2,A GOOD REROOFING SVS INC,ROOF SHINGLE (NEW OR REROOF),CLOSED
03-00000238,5708 NW 67 AVE,494110-02-032-0,A GOOD REROOFING SVS INC,ROOF SHINGLE (NEW OR REROOF),CLOSED
04-00000484,7302 PALM TER,494104-AA-046-0,A GOOD REROOFING SVS INC,ROOF SHINGLE (NEW OR REROOF),CLOSED
98-00001324,5702 SWORDFISH CIR,494111-09-005-0,A GOOD REROOFING SVS INC,ROOF SHINGLE (NEW OR REROOF),VOID
98-00003719,7900 NW 72 AVE,494103-08-006-0,A GOOD REROOFING SVS INC,ROOF SHINGLE (NEW OR REROOF),CLOSED
98-00003927,6807 NW 58 ST,494110-02-079-0,A GOOD REROOFING SVS INC,ROOF SHINGLE (NEW OR REROOF),CLOSED
99-00002121,4719 NW 50 ST,494113-11-159-0,A GOOD REROOFING SVS INC,ROOF SHINGLE (NEW OR REROOF),CLOSED
99-00003131,4941 NW 55 ST,494113-10-105-0,A GOOD REROOFING SVS INC,ROOF SHINGLE (NEW OR REROOF),CLOSED
99-00003604,4927 NW 52 CT,494113-07-059-0,A GOOD REROOFING SVS INC,ROOF SHINGLE (NEW OR REROOF),CLOSED
06-00002828,8064 NW 72 ST,494104-41-018-0,A GOOD ROOFING COMPANY,ROOF SHINGLE (NEW OR REROOF),CLOSED
06-00005453,7613 NW 72 TER,494103-05-268-0,A GOOD ROOFING COMPANY,"ADDITIONS, RESIDENTIAL",CLOSED
06-00007558,8022 NW 72 ST,494104-41-031-0,A GOOD ROOFING COMPANY,ROOF TILE (NEW OR REROOF),CLOSED
19-00002142,6508 NW 57 CT,494110-02-313-0,A LEAKPROOF ROOF INC,ROOFING OR RE-ROOFING,CLOSED
19-00004567,8103 NW 72 AVE,494103-18-242-0,A LEAKPROOF ROOF INC,WINDOWS AND DOORS,CLOSED
21-00005644,8207 NW 85 AVE,494104-47-068-0,A LEAKPROOF ROOF INC,"DRIVEWAY, CONCRETE, PAVING OR PARKING",APPROVED
22-00001432,4310 NW 47 CT,494113-02-408-0,A LEAKPROOF ROOF INC,ROOFING OR RE-ROOFING,DUPLICATE
22-00001431,4310 NW 47 CT,494113-02-408-0,A LEAKPROOF ROOF INC,ROOFING OR RE-ROOFING,APPROVED
11-00002483,9111 NW 68 ST,494108-05-016-0,A LICENSED ROOFING COMPANY,ROOFING OR RE-ROOFING,CLOSED
11-00004183,7001 NW 103 AVE,494106-01-208-0,A LICENSED ROOFING COMPANY,ROOFING OR RE-ROOFING,CLOSED
12-00000818,8125 NW 72 AVE,494103-18-231-0,A LICENSED ROOFING COMPANY,ROOFING OR RE-ROOFING,CLOSED
13-00004433,9759 MALVERN DR,494105-33-010-0,A LICENSED ROOFING COMPANY,ROOFING OR RE-ROOFING,CLOSED
14-00000229,9763 MALVERN DR,494105-33-012-0,A LICENSED ROOFING COMPANY,ROOFING OR RE-ROOFING,CLOSED
14-00000230,9761 MALVERN DR,494105-33-011-0,A LICENSED ROOFING COMPANY,ROOFING OR RE-ROOFING,CLOSED
14-00000231,9765 MALVERN DR,494105-33-013-0,A LICENSED ROOFING COMPANY,ROOFING OR RE-ROOFING,CLOSED
14-00000786,9753 MALVERN DR,494105-33-008-0,A LICENSED ROOFING COMPANY,ROOFING OR RE-ROOFING,CLOSED
14-00000922,5205 BANYAN LN,494114-08-054-0,A LICENSED ROOFING COMPANY,ROOFING OR RE-ROOFING,CLOSED
14-00001283,8208 NW 59 PL,494109-05-064-0,A LICENSED ROOFING COMPANY,ROOFING OR RE-ROOFING,CLOSED
15-00000897,6907 NW 70 ST,494103-03-014-0,A LICENSED ROOFING COMPANY,ROOFING OR RE-ROOFING,CLOSED
15-00002808,7102 NW 70 CT,494103-03-300-0,A LICENSED ROOFING COMPANY,ROOFING OR RE-ROOFING,CLOSED
15-00002809,8720 NW 82 ST,494104-47-014-0,A LICENSED ROOFING COMPANY,ROOFING OR RE-ROOFING,CLOSED
16-00001460,5702 NW 84 AVE,494109-02-015-0,A LICENSED ROOFING COMPANY,ROOFING OR RE-ROOFING,CLOSED
17-00003183,9511 NW 83 ST,494105-09-096-0,A LICENSED ROOFING COMPANY,ROOFING OR RE-ROOFING,CLOSED
06-00002035,5770 WOODLAND POINT DR,494111-23-079-0,A MOORE CONSTRUCTION & ROOFING,ROOF SHINGLE (NEW OR REROOF),VOID
06-00002036,6701 NW 98 AVE,494108-05-130-0,A MOORE CONSTRUCTION & ROOFING,ROOF SHINGLE (NEW OR REROOF),CLOSED
06-00002037,5706 BAMBOO CIR,494114-09-163-0,A MOORE CONSTRUCTION & ROOFING,ROOF FLAT (NEW OR REROOF),VOID
06-00002038,7174 WOODMONT WAY,494104-67-022-6,A MOORE CONSTRUCTION & ROOFING,ROOF SHINGLE (NEW OR REROOF),VOID
12-00002270,7112 NW 58 ST,494110-03-284-0,A PERFECT SEAL ROOFING,ROOFING OR RE-ROOFING,CLOSED
20-00001387,7112 WOODMONT AVE,494104-60-007-7,A PLUS ROOFING CORP,ROOFING OR RE-ROOFING,CLOSED
20-00001402,7112 WOODMONT AVE,494104-60-007-7,A PLUS ROOFING CORP,ROOFING OR RE-ROOFING,DUPLICATE
21-00001481,7206 NW 92 TER,494105-05-169-0,A PLUS ROOFING CORP,ROOFING OR RE-ROOFING,APPROVED
14-00001153,4563 NW 16 AVE,494216-09-051-0,A ROOFING,ROOFING OR RE-ROOFING,CLOSED
02-00000641,52 CANTERBURY LN,494111-AD-032-0,A ROOFING SPECIALISTS,ROOF SHINGLE (NEW OR REROOF),CLOSED
02-00001775,5713 NW 81 TER,494109-02-177-0,A ROOFING SPECIALISTS,ROOF SHINGLE (NEW OR REROOF),CLOSED
02-00001776,4715 NW 50 ST,494113-11-157-0,A ROOFING SPECIALISTS,ROOF SHINGLE (NEW OR REROOF),CLOSED
02-00001777,18 SPINNING WHEEL LN,494111-AD-223-0,A ROOFING SPECIALISTS,ROOF SHINGLE (NEW OR REROOF),CLOSED
02-00002185,14 SPINNING WHEEL LN,494111-AD-221-0,A ROOFING SPECIALISTS,ROOF SHINGLE (NEW OR REROOF),CLOSED
02-00002186,8 THE COMMON,494111-AD-145-0,A ROOFING SPECIALISTS,ROOF SHINGLE (NEW OR REROOF),CLOSED
02-00002187,11 PLEASANT HILL LN,494111-AD-106-0,A ROOFING SPECIALISTS,ROOF SHINGLE (NEW OR REROOF),VOID
02-00002366,9190 LIME BAY BLVD,494108-AC-000-0,A ROOFING SPECIALISTS,ROOF SHINGLE (NEW OR REROOF),CLOSED
02-00002838,22 THE COMMON,494111-AD-152-0,A ROOFING SPECIALISTS,ROOF SHINGLE (NEW OR REROOF),CLOSED
02-00002839,2 CANTERBURY LN,494111-AD-043-0,A ROOFING SPECIALISTS,ROOF SHINGLE (NEW OR REROOF),CLOSED
02-00002840,74 PLEASANT HILL LN,494111-AD-117-0,A ROOFING SPECIALISTS,ROOF SHINGLE (NEW OR REROOF),CLOSED
02-00003834,10 CANTERBURY LN,494111-AD-001-0,A ROOFING SPECIALISTS,ROOF SHINGLE (NEW OR REROOF),CLOSED
03-00000089,9529 N BELFORT CIR,494106-07-002-0,A ROOFING SPECIALISTS,ROOF SHINGLE (NEW OR REROOF),CLOSED
03-00000371,9429 N BELFORT CIR,494106-07-002-0,A ROOFING SPECIALISTS,ROOF SHINGLE (NEW OR REROOF),VOID
03-00000591,9629 N BELFORT CIR,494106-07-002-0,A ROOFING SPECIALISTS,ROOF SHINGLE (NEW OR REROOF),CLOSED
03-00000872,38 CANTERBURY LN,494111-AD-021-0,A ROOFING SPECIALISTS,ROOF SHINGLE (NEW OR REROOF),CLOSED
03-00000909,4718 NW 50 ST,494113-11-167-0,A ROOFING SPECIALISTS,ROOF SHINGLE (NEW OR REROOF),CLOSED
03-00000910,5713 NW 81 TER,494109-02-177-0,A ROOFING SPECIALISTS,ROOF SHINGLE (NEW OR REROOF),CLOSED
03-00001271,9729 N BELFORT CIR,494106-07-002-0,A ROOFING SPECIALISTS,ROOF SHINGLE (NEW OR REROOF),CLOSED
03-00001393,7121 NW 73 ST,494103-03-259-0,A ROOFING SPECIALISTS,ROOF SHINGLE (NEW OR REROOF),VOID
03-00001394,6610 NW 73 ST,494103-03-178-0,A ROOFING SPECIALISTS,ROOF SHINGLE (NEW OR REROOF),VOID
03-00001478,50 CANTERBURY LN,494111-AD-031-0,A ROOFING SPECIALISTS,ROOF SHINGLE (NEW OR REROOF),CLOSED
03-00001479,38 SPINNING WHEEL LN,494111-AD-187-0,A ROOFING SPECIALISTS,ROOF SHINGLE (NEW OR REROOF),VOID
03-00001922,6 ANN LEE LN,494111-AD-249-0,A ROOFING SPECIALISTS,ROOF SHINGLE (NEW OR REROOF),CLOSED
03-00001923,17 PLEASANT HILL LN,494111-AD-099-0,A ROOFING SPECIALISTS,ROOF SHINGLE (NEW OR REROOF),CLOSED
03-00002521,66 SPINNING WHEEL LN,494111-AD-175-0,A ROOFING SPECIALISTS,ROOF SHINGLE (NEW OR REROOF),CLOSED
03-00002597,7 SPINNING WHEEL LN,494111-AD-244-0,A ROOFING SPECIALISTS,ROOF SHINGLE (NEW OR REROOF),VOID
03-00002598,15 SPINNING WHEEL LN,494111-AD-238-0,A ROOFING SPECIALISTS,ROOF SHINGLE (NEW OR REROOF),CLOSED
04-00001384,9429 N BELFORT CIR,494106-07-002-0,A ROOFING SPECIALISTS,ROOF SHINGLE (NEW OR REROOF),CLOSED
04-00001385,7121 NW 73 ST,494103-03-259-0,A ROOFING SPECIALISTS,ROOF SHINGLE (NEW OR REROOF),CLOSED
04-00001933,7514 BLACK OLIVE AVE,494104-34-021-0,A ROOFING SPECIALISTS,ROOF SHINGLE (NEW OR REROOF),VOID
04-00001950,6610 NW 73 ST,494103-03-178-0,A ROOFING SPECIALISTS,ROOF SHINGLE (NEW OR REROOF),VOID
05-00001050,7514 BLACK OLIVE AVE,494104-34-021-0,A ROOFING SPECIALISTS,ROOF SHINGLE (NEW OR REROOF),CLOSED
05-00001078,6610 NW 73 ST,494103-03-178-0,A ROOFING SPECIALISTS,ROOF SHINGLE (NEW OR REROOF),CLOSED
05-00005180,7819 NW 67 AVE,494103-09-037-0,A ROOFING SPECIALISTS,ROOF SHINGLE (NEW OR REROOF),CLOSED
05-00005511,7401 FAIRFAX DR,494106-10-002-0,A ROOFING SPECIALISTS,ROOF FLAT (NEW OR REROOF),CLOSED
05-00005512,7600 FAIRFAX DR,494106-10-002-0,A ROOFING SPECIALISTS,ROOF FLAT (NEW OR REROOF),VOID
06-00000452,7501 TRENT DR,494106-14-001-0,A ROOFING SPECIALISTS,ROOF SHINGLE (NEW OR REROOF),CLOSED
06-00002171,7651 TRENT DR,494106-JE-026-0,A ROOFING SPECIALISTS,ROOF SHINGLE (NEW OR REROOF),CLOSED
06-00002269,7242 FAIRFAX DR,494106-DG-022-0,A ROOFING SPECIALISTS,ROOF FLAT (NEW OR REROOF),CLOSED
06-00002270,7219 FAIRFAX DR,494106-DJ-010-0,A ROOFING SPECIALISTS,ROOF FLAT (NEW OR REROOF),VOID
06-00002916,7301 FAIRFAX DR,494106-10-002-0,A ROOFING SPECIALISTS,ROOF FLAT (NEW OR REROOF),CLOSED
06-00002917,7500 FAIRFAX DR,494106-10-002-0,A ROOFING SPECIALISTS,ROOF FLAT (NEW OR REROOF),CLOSED
06-00002918,7310 FAIRFAX DR,494106-10-002-0,A ROOFING SPECIALISTS,ROOF FLAT (NEW OR REROOF),CLOSED
06-00003278,7300 ASHMONT CIR,494106-06-002-0,A ROOFING SPECIALISTS,ROOF FLAT (NEW OR REROOF),CLOSED
06-00003775,7400 FAIRFAX DR,494106-GH-012-0,A ROOFING SPECIALISTS,ROOF FLAT (NEW OR REROOF),CLOSED
06-00004125,7815 NW 70 AVE,494103-08-052-0,A ROOFING SPECIALISTS,ROOF SHINGLE (NEW OR REROOF),CLOSED
06-00004351,7407 NW 79 ST,494103-06-041-0,A ROOFING SPECIALISTS,ROOF SHINGLE (NEW OR REROOF),CLOSED
06-00004744,6202 ORCHARD TREE LN,494114-10-039-0,A ROOFING SPECIALISTS,ROOF FLAT (NEW OR REROOF),CLOSED
06-00004745,9403 NW 74 ST,494105-03-311-0,A ROOFING SPECIALISTS,ROOF SHINGLE (NEW OR REROOF),CLOSED
06-00005076,7201 FAIRFAX DR,494106-10-002-0,A ROOFING SPECIALISTS,ROOF FLAT (NEW OR REROOF),CLOSED
06-00005315,6080 N SABAL PALM BLVD,494112-AD-000-0,A ROOFING SPECIALISTS,ROOF SHINGLE (NEW OR REROOF),CLOSED
06-00005316,6090 N SABAL PALM BLVD,494112-AH-000-0,A ROOFING SPECIALISTS,ROOF SHINGLE (NEW OR REROOF),CLOSED
06-00005317,4955 E SABAL PALM BLVD,494112-AJ-000-0,A ROOFING SPECIALISTS,ROOF SHINGLE (NEW OR REROOF),CLOSED
06-00005318,4965 E SABAL PALM BLVD,494112-BA-000-0,A ROOFING SPECIALISTS,ROOF SHINGLE (NEW OR REROOF),CLOSED
06-00005559,7090 WOODMONT WAY,494104-67-027-6,A ROOFING SPECIALISTS,ROOF SHINGLE (NEW OR REROOF),CLOSED
06-00005560,7112 WOODMONT WAY,494104-67-026-8,A ROOFING SPECIALISTS,ROOF SHINGLE (NEW OR REROOF),CLOSED
06-00006206,7501 FAIRFAX DR,494106-10-002-0,A ROOFING SPECIALISTS,ROOF FLAT (NEW OR REROOF),CLOSED
06-00007410,7600 FAIRFAX DR,494106-10-002-0,A ROOFING SPECIALISTS,ROOF FLAT (NEW OR REROOF),CLOSED
07-00000534,4960 E SABAL PALM BLVD,494112-31-003-0,A ROOFING SPECIALISTS,ROOF FLAT (NEW OR REROOF),CLOSED
07-00001709,10451 E CLAIRMONT CIR,494106-09-002-0,A ROOFING SPECIALISTS,ROOF SHINGLE (NEW OR REROOF),CLOSED
07-00001711,10601 W CLAIRMONT CIR,494106-09-002-0,A ROOFING SPECIALISTS,ROOF SHINGLE (NEW OR REROOF),CLOSED
07-00001927,10802 W CLAIRMONT CIR,494106-09-002-0,A ROOFING SPECIALISTS,ROOF SHINGLE (NEW OR REROOF),CLOSED
07-00002773,9807 NW 70 ST,494105-03-127-0,A ROOFING SPECIALISTS,ROOF FLAT (NEW OR REROOF),CLOSED
08-00001234,2614 NW 55 ST,494217-05-107-0,A ROOFING SPECIALISTS,ROOF SHINGLE (NEW OR REROOF),CLOSED
08-00001835,7221 ASHMONT CIR,494106-06-002-0,A ROOFING SPECIALISTS,ROOFING OR RE-ROOFING,CLOSED
08-00002465,7400 ASHMONT CIR,494106-06-002-0,A ROOFING SPECIALISTS,ROOFING OR RE-ROOFING,CLOSED
08-00003213,10352 E CLAIRMONT CIR,494106-CG-035-0,A ROOFING SPECIALISTS,ROOFING OR RE-ROOFING,CLOSED
98-00001110,5713 NW 81 TER,494109-02-177-0,A ROOFING SPECIALISTS,ROOF SHINGLE (NEW OR REROOF),VOID
98-00001111,7907 NW 74 AVE,494103-06-005-0,A ROOFING SPECIALISTS,ROOF SHINGLE (NEW OR REROOF),CLOSED
98-00002163,8240 NW 67 AVE,494103-16-257-0,A ROOFING SPECIALISTS,ROOF SHINGLE (NEW OR REROOF),CLOSED
98-00002961,4715 NW 50 ST,494113-11-157-0,A ROOFING SPECIALISTS,ROOF SHINGLE (NEW OR REROOF),VOID
08-00004183,7500 ASHMONT CIR,494106-06-002-0,A ROOFING SPECIALISTS,ROOFING OR RE-ROOFING,CLOSED
09-00001736,7011 NW 99 WAY,494105-03-014-0,A ROOFING SPECIALISTS,ROOFING OR RE-ROOFING,CLOSED
09-00002115,39 SPINNING WHEEL LN,494111-AD-217-0,A ROOFING SPECIALISTS,ROOFING OR RE-ROOFING,CLOSED
09-00003024,36 PLEASANT HILL LN,494111-AD-082-0,A ROOFING SPECIALISTS,ROOFING OR RE-ROOFING,CLOSED
09-00003025,17 SPINNING WHEEL LN,494111-AD-239-0,A ROOFING SPECIALISTS,ROOFING OR RE-ROOFING,CLOSED
09-00003860,40 MEACHAM LN,494111-01-024-0,A ROOFING SPECIALISTS,ROOFING OR RE-ROOFING,CANCELLED
10-00002279,9808 NW 70 CT,494105-03-111-0,A ROOFING SPECIALISTS,ROOFING OR RE-ROOFING,CLOSED
10-00002051,7808 NW 71 ST,494104-21-064-0,A ROOFING SPECIALISTS,ALTER RESIDENTIAL SINGLE FAMILY,CLOSED
12-00001368,6085 N SABAL PALM BLVD,494112-AK-000-2,A ROOFING SPECIALISTS,ROOFING OR RE-ROOFING,CLOSED
12-00001672,10201 NW 83 ST,494106-02-165-0,A ROOFING SPECIALISTS,ROOFING OR RE-ROOFING,CLOSED
13-00002063,4803 NW 28 AVE,494217-04-161-0,A ROOFING SPECIALISTS,ROOFING OR RE-ROOFING,CLOSED
12-00002485,8245 NW 88 AVE,494105-17-001-0,A ROOFING SPECIALISTS,"REMODEL,ALTERATION COMM TENANT IMPROVEMENTS",CLOSED
12-00002485,8245 NW 88 AVE,494105-17-001-0,A ROOFING SPECIALISTS,"REMODEL,ALTERATION COMM TENANT IMPROVEMENTS",CLOSED
14-00001153,4563 NW 16 AVE,494216-09-051-0,A ROOFING SPECIALISTS,ROOFING OR RE-ROOFING,CLOSED
15-00000813,8235 CASSIA TER,494104-31-006-0,A SQUARE ROOFING INC.,ROOFING OR RE-ROOFING,CLOSED
15-00002143,8235 CASSIA TER,494104-31-006-0,A SQUARE ROOFING INC.,ROOFING OR RE-ROOFING,DUPLICATE
00-00001981,4904 NW 26 WAY,494217-04-210-0,A TECH ROOFING,ROOF SHINGLE (NEW OR REROOF),CLOSED
00-00002264,6206 ROYAL POINCIANA LN,494114-10-018-0,A TECH ROOFING,ROOF SHINGLE (NEW OR REROOF),CLOSED
02-00001075,7105 NW 72 ST,494103-03-371-0,A TECH ROOFING,ROOF SHINGLE (NEW OR REROOF),CLOSED
02-00001296,6606 NW 75 ST,494103-04-158-0,A TECH ROOFING,ROOF SHINGLE (NEW OR REROOF),CLOSED
04-00000995,7904 NW 74 AVE,494103-06-026-0,A TECH ROOFING,ROOF SHINGLE (NEW OR REROOF),CLOSED
04-00001603,4716 NW 44 ST,494113-09-007-0,A TECH ROOFING,ROOF SHINGLE (NEW OR REROOF),CLOSED
04-00002489,7908 NW 74 AVE,494103-06-028-0,A TECH ROOFING,ROOF SHINGLE (NEW OR REROOF),CLOSED
04-00003963,5705 NW 74 AVE,494110-03-021-0,A TECH ROOFING,ROOF SHINGLE (NEW OR REROOF),CLOSED
07-00000991,2805 NW 51 PL,494217-02-147-0,A TECH ROOFING,ROOF SHINGLE (NEW OR REROOF),CLOSED
98-00001776,7900 NW 72 AVE,494103-08-006-0,A TECH ROOFING,ROOF SHINGLE (NEW OR REROOF),CLOSED
98-00002122,9603 NW 66 ST,494108-05-181-0,A TECH ROOFING,ROOF SHINGLE (NEW OR REROOF),CLOSED
99-00002438,8101 NW 72 AVE,494103-18-243-0,A TECH ROOFING,ROOF SHINGLE (NEW OR REROOF),CLOSED
99-00003585,8000 NW 102 LN,494106-02-030-0,A TECH ROOFING,ROOF SHINGLE (NEW OR REROOF),CLOSED
99-00003962,7802 NW 74 TER,494103-06-090-0,A TECH ROOFING,ROOF SHINGLE (NEW OR REROOF),CLOSED
09-00003377,4919 NW 51 CT,494113-07-146-0,A TECH ROOFING,ROOFING OR RE-ROOFING,CLOSED BY REPORT
10-00000705,8000 NW 102 LN,494106-02-030-0,A TECH ROOFING,ROOFING OR RE-ROOFING,CLOSED BY REPORT
15-00000914,5316 BANYAN LN,494114-08-036-0,A TECH ROOFING,ROOFING OR RE-ROOFING,CLOSED
15-00001579,5711 NW 66 AVE,494110-02-168-0,A TECH ROOFING,ROOFING OR RE-ROOFING,CLOSED
16-00005028,10001 NW 71 CT,494106-01-174-0,A TECH ROOFING,ROOFING OR RE-ROOFING,CLOSED
09-00003846,4502 MAINLAND DR,494113-02-364-0,"A TO Z ROOFING, INC.",ROOFING OR RE-ROOFING,CLOSED
08-00000067,6713 NW 58 CT,494110-02-018-0,A 1 JOSE JOSE ROOFING CORP,ROOF SHINGLE (NEW OR REROOF),CLOSED
23-00000460,4573 NW 19 WAY,494216-11-015-0,A 1 MODIFIED ROOFING INC,ROOFING OR RE-ROOFING,CLOSED
23-00002050,5717 NW 69 AVE,494110-02-276-0,A 1 MODIFIED ROOFING INC,ROOFING OR RE-ROOFING,CLOSED
23-00002977,4908 NW 55 CT,494113-10-080-0,A 1 MODIFIED ROOFING INC,ROOFING OR RE-ROOFING,DUPLICATE
25-00002073,8245 NW 95 AVE,494105-09-069-0,A.G.U. ROOFING & SOLAR LLC EC,"SOLAR PANELS, PHOTOVOLTAIC SYS",APPROVED
23-00005479,8074 BUTTONWOOD CIR,494104-29-021-0,A.I.B. ROOFING & CONSTRUCTION,ROOFING OR RE-ROOFING,CLOSED
12-00002117,7310 NW 59 ST,494110-04-270-0,"A.S PERMAUL ROOFING, INC.",ROOFING OR RE-ROOFING,CLOSED
19-00000835,7208 NW 76 CT,494103-05-242-0,"A.S. PERMAUL ROOFING, INC.",ROOFING OR RE-ROOFING,CLOSED
19-00001129,8121 NW 72 AVE,494103-18-233-0,"A.S. PERMAUL ROOFING, INC.",ROOFING OR RE-ROOFING,CLOSED
19-00001494,7401 NW 75 ST,494103-21-048-0,"A.S. PERMAUL ROOFING, INC.",ROOFING OR RE-ROOFING,CLOSED
19-00001565,5706 NW 65 TER,494110-02-219-0,"A.S. PERMAUL ROOFING, INC.",ROOFING OR RE-ROOFING,CLOSED
19-00003138,6206 ORCHARD TREE LN,494114-10-037-0,"A.S. PERMAUL ROOFING, INC.",ROOFING OR RE-ROOFING,CLOSED
20-00000527,4555 NW 16 WAY,494216-09-111-0,"A.S. PERMAUL ROOFING, INC.",ROOFING OR RE-ROOFING,CLOSED
20-00001973,4805 NW 27 WAY,494217-04-175-0,"A.S. PERMAUL ROOFING, INC.",ROOFING OR RE-ROOFING,CLOSED
20-00002757,6712 NW 59 ST,494110-04-017-0,"A.S. PERMAUL ROOFING, INC.",ROOFING OR RE-ROOFING,IN PLAN CHECK
20-00003439,4712 NW 49 PL,494113-11-202-0,"A.S. PERMAUL ROOFING, INC.",ROOFING OR RE-ROOFING,CLOSED
20-00003776,8782 NW 75 CT,494105-34-061-0,"A.S. PERMAUL ROOFING, INC.",ROOFING OR RE-ROOFING,APPROVED
20-00003971,8207 NW 74 TER,494103-18-133-0,"A.S. PERMAUL ROOFING, INC.",ROOFING OR RE-ROOFING,CANCELLED
21-00001056,8060 NW 72 ST,494104-41-017-0,"A.S. PERMAUL ROOFING, INC.",ROOFING OR RE-ROOFING,CLOSED
21-00001057,5712 NW 68 TER,494110-02-124-0,"A.S. PERMAUL ROOFING, INC.",ROOFING OR RE-ROOFING,CLOSED
22-00002120,5718 NW 70 AVE,494110-02-271-0,"A.S. PERMAUL ROOFING, INC.",ROOFING OR RE-ROOFING,CLOSED
22-00004292,4809 NW 47 TER,494113-05-055-0,"A.S. PERMAUL ROOFING, INC.",ROOFING OR RE-ROOFING,APPROVED
22-00005506,4801 NW 47 TER,494113-05-051-0,"A.S. PERMAUL ROOFING, INC.",ROOFING OR RE-ROOFING,CLOSED
22-00005598,4808 NW 47 TER,494113-05-064-0,"A.S. PERMAUL ROOFING, INC.",ROOFING OR RE-ROOFING,CLOSED
22-00005611,7904 NW 74 TER,494103-06-011-0,"A.S. PERMAUL ROOFING, INC.",ROOFING OR RE-ROOFING,CLOSED
23-00000819,5803 AUSTRALIAN PINE DR,494114-08-048-0,"A.S. PERMAUL ROOFING, INC.",ROOFING OR RE-ROOFING,CLOSED
23-00000820,5109 LAUREL CIR,494114-12-004-0,"A.S. PERMAUL ROOFING, INC.",ROOFING OR RE-ROOFING,CLOSED
23-00001867,7008 NW 78 AVE,494104-21-020-0,"A.S. PERMAUL ROOFING, INC.",ROOFING OR RE-ROOFING,IN PLAN CHECK
23-00001868,7006 NW 78 AVE,494104-21-020-0,"A.S. PERMAUL ROOFING, INC.",ROOFING OR RE-ROOFING,CLOSED
24-00001846,8321 NW 80 PL,494104-42-061-0,"A.S. PERMAUL ROOFING, INC.",ROOFING OR RE-ROOFING,CLOSED
24-00003197,5721 NW 86 AVE,494109-03-187-0,"A.S. PERMAUL ROOFING, INC.",ROOFING OR RE-ROOFING,CLOSED
24-00003459,7113 NW 57 DR,494110-03-245-0,"A.S. PERMAUL ROOFING, INC.",ROOFING OR RE-ROOFING,CLOSED
24-00005135,5807 NW 86 TER,494109-03-073-0,"A.S. PERMAUL ROOFING, INC.",ROOFING OR RE-ROOFING,CLOSED
24-00005136,7102 SOUTHGATE BLVD,484134-AE-000-0,"A.S. PERMAUL ROOFING, INC.",ROOFING OR RE-ROOFING,CLOSED
24-00005137,7150 SOUTHGATE BLVD,484134-AE-000-0,"A.S. PERMAUL ROOFING, INC.",ROOFING OR RE-ROOFING,CLOSED
24-00005138,7214 SOUTHGATE BLVD,484134-AE-000-0,"A.S. PERMAUL ROOFING, INC.",ROOFING OR RE-ROOFING,CLOSED
24-00005139,7134 SOUTHGATE BLVD,484134-AE-000-0,"A.S. PERMAUL ROOFING, INC.",ROOFING OR RE-ROOFING,CLOSED
24-00005140,7122 SOUTHGATE BLVD,484134-AE-000-0,"A.S. PERMAUL ROOFING, INC.",ROOFING OR RE-ROOFING,CLOSED
24-00005141,7168 SOUTHGATE BLVD,484134-AE-000-0,"A.S. PERMAUL ROOFING, INC.",ROOFING OR RE-ROOFING,CLOSED
25-00000001,7091 WOODMONT WAY,494104-67-016-3,"A.S. PERMAUL ROOFING, INC.",ROOFING OR RE-ROOFING,CLOSED
25-00000180,7810 NW 70 CT,494104-21-023-0,"A.S. PERMAUL ROOFING, INC.",ROOFING OR RE-ROOFING,CLOSED
25-00002606,6596 WESTWOOD BLVD,494108-05-043-0,"A.S. PERMAUL ROOFING, INC.",ROOFING OR RE-ROOFING,CLOSED
08-00003705,8115 NW 72 AVE,494103-18-236-0,A+ ROOFING CONTRACTORS,ROOFING OR RE-ROOFING,CANCELLED
15-00002842,5900 NW 56 PL,494111-30-001-0,A+ ROOFING CONTRACTORS,"NEW RESIDENTIAL 5+ MULTI FAM,TWNHS",CERTIFICATE ISSUED
15-00002848,5901 NW 56 PL,494111-30-001-0,A+ ROOFING CONTRACTORS,"NEW RESIDENTIAL 5+ MULTI FAM,TWNHS",CERTIFICATE ISSUED
15-00002847,5931 NW 56 PL,494111-30-001-0,A+ ROOFING CONTRACTORS,"NEW RESIDENTIAL 5+ MULTI FAM,TWNHS",CERTIFICATE ISSUED
15-00002846,5973 NW 56 PL,494111-30-001-0,A+ ROOFING CONTRACTORS,"NEW RESIDENTIAL 5+ MULTI FAM,TWNHS",CERTIFICATE ISSUED
15-00002845,5960 NW 56 PL,494111-30-001-0,A+ ROOFING CONTRACTORS,"NEW RESIDENTIAL 5+ MULTI FAM,TWNHS",CERTIFICATE ISSUED
15-00002853,5605 NW 58 LN,494111-30-001-0,A+ ROOFING CONTRACTORS,ADDITION TO RESIDENTIAL SINGLE FAMILY,CERTIFICATE ISSUED
15-00004510,5981 W COMMERCIAL BLVD,494111-30-001-0,A+ ROOFING CONTRACTORS,"NEW OR ADDITION ASSEMBLY,HOTEL,OTHER",CLOSED
15-00004509,5931 W COMMERCIAL BLVD,494111-30-002-0,A+ ROOFING CONTRACTORS,"NEW OR ADDITION ASSEMBLY,HOTEL,OTHER",CLOSED
15-00002844,5961 NW 56 CT,494111-30-001-0,A+ ROOFING CONTRACTORS,"NEW RESIDENTIAL 5+ MULTI FAM,TWNHS",CERTIFICATE ISSUED
15-00002843,5901 NW 56 CT,494111-30-001-0,A+ ROOFING CONTRACTORS,"NEW RESIDENTIAL 5+ MULTI FAM,TWNHS",CERTIFICATE ISSUED
15-00002849,5879 NW 56 PL,494111-30-002-0,A+ ROOFING CONTRACTORS,"NEW RESIDENTIAL 5+ MULTI FAM,TWNHS",CERTIFICATE ISSUED
15-00002852,5878 NW 56 PL,494111-30-002-0,A+ ROOFING CONTRACTORS,"NEW RESIDENTIAL 5+ MULTI FAM,TWNHS",CERTIFICATE ISSUED
15-00002851,5600 NW 58 LN,494111-30-002-0,A+ ROOFING CONTRACTORS,"NEW RESIDENTIAL 5+ MULTI FAM,TWNHS",CERTIFICATE ISSUED
15-00002850,5632 NW 58 LN,494111-30-002-0,A+ ROOFING CONTRACTORS,"NEW RESIDENTIAL 5+ MULTI FAM,TWNHS",CERTIFICATE ISSUED
19-00004884,4611 NW 30 TER,494217-04-149-0,A+ ROOFING CONTRACTORS,ROOFING OR RE-ROOFING,CLOSED
22-00001477,7610 NW 69 AVE,494103-05-107-0,A+ ROOFING CONTRACTORS,ROOFING OR RE-ROOFING,APPROVED
23-00001088,4706 BAYBERRY LN,494114-02-135-0,"A&D ALL IN ONE ROOFING, LLC",ROOFING OR RE-ROOFING,CLOSED
23-00001114,4706 BAYBERRY LN,494114-02-135-0,"A&D ALL IN ONE ROOFING, LLC",ADDITION TO RESIDENTIAL SINGLE FAMILY,CLOSED
19-00005410,6086 LIVE OAK CT,494111-10-019-2,A&E BROTHERS ROOFING INC,ROOFING OR RE-ROOFING,CLOSED
20-00002134,7414 NW 58 CT,494110-03-068-0,A&E BROTHERS ROOFING INC,ROOFING OR RE-ROOFING,APPROVED
21-00000697,5707 NW 64 WAY,494110-02-238-0,A&E BROTHERS ROOFING INC,ROOFING OR RE-ROOFING,CLOSED
21-00002290,6184 LAUREL LN,494111-10-010-0,A&E BROTHERS ROOFING INC,ROOFING OR RE-ROOFING,CLOSED
21-00002388,8101 NW 72 AVE,494103-18-243-0,A&E BROTHERS ROOFING INC,ROOFING OR RE-ROOFING,CLOSED
21-00003206,8101 NW 72 AVE,494103-18-243-0,A&E BROTHERS ROOFING INC,ROOF REPAIRS,CLOSED
23-00003005,5701 NW 48 AVE,494112-24-133-0,A&E BROTHERS ROOFING INC,ROOFING OR RE-ROOFING,CLOSED
23-00005041,7652 NW 96 TER,494105-16-030-0,A&E BROTHERS ROOFING INC,ROOFING OR RE-ROOFING,IN PLAN CHECK
23-00005043,7520 NW 96 TER,494105-16-045-0,A&E BROTHERS ROOFING INC,ROOFING OR RE-ROOFING,CLOSED
24-00003729,8115 NW 67 AVE,494103-16-100-0,A&E BROTHERS ROOFING INC,ROOFING OR RE-ROOFING,APPROVED
20-00002980,5504 NW 51 AVE,494113-10-264-0,A&J ROOFING CORP,ROOFING OR RE-ROOFING,CLOSED
20-00004828,6802 NW 76 ST,494103-04-208-0,A&J ROOFING CORP,ROOFING OR RE-ROOFING,CLOSED
21-00000783,4614 NW 48 ST,494113-04-076-0,A&J ROOFING CORP,ROOFING OR RE-ROOFING,CLOSED
21-00000841,6194 PINE TREE LN,494111-10-047-3,A&J ROOFING CORP,ROOFING OR RE-ROOFING,CANCELLED
01-00002680,7707 NW 79 AVE,494104-48-001-1,A&M FOX ROOFING,ROOF SHINGLE (NEW OR REROOF),CLOSED
02-00000163,8202 NW 93 TER,494105-04-203-0,A&M FOX ROOFING,"ALTERATIONS, RESIDENTIAL",VOID
02-00000896,7531 NW 79 AVE,494104-BG-000-0,A&M FOX ROOFING,"ADDITIONS/ALTERATION/IMP, COMMERCIAL",CLOSED
02-00002192,9507 NW 80 CT,494105-06-075-0,A&M FOX ROOFING,ROOF SHINGLE (NEW OR REROOF),CLOSED
02-00002905,8290 NW 66 TER,494103-16-128-0,A&M FOX ROOFING,ROOF SHINGLE (NEW OR REROOF),CLOSED
03-00000516,8200 NW 68 AVE,494103-16-144-0,A&M FOX ROOFING,ROOF SHINGLE (NEW OR REROOF),CLOSED
03-00001640,6801 NW 84 ST,494103-16-154-0,A&M FOX ROOFING,ROOF SHINGLE (NEW OR REROOF),CLOSED
03-00002720,7301 NW 65 ST,494110-05-169-0,A&M FOX ROOFING,ROOF SHINGLE (NEW OR REROOF),CLOSED
03-00003836,4806 NW 49 DR,494113-11-078-0,A&M FOX ROOFING,ROOF SHINGLE (NEW OR REROOF),CLOSED
04-00001356,5707 NW 84 TER,494109-03-019-0,A&M FOX ROOFING,ROOF SHINGLE (NEW OR REROOF),CLOSED
04-00002504,5709 NW 84 TER,494109-03-020-0,A&M FOX ROOFING,ROOF SHINGLE (NEW OR REROOF),CLOSED
05-00000974,8204 NW 59 CT,494109-05-092-0,A&M FOX ROOFING,ROOF SHINGLE (NEW OR REROOF),CLOSED
05-00001550,8101 NW 70 AVE,494103-18-150-0,A&M FOX ROOFING,ROOF SHINGLE (NEW OR REROOF),CLOSED
05-00003250,7002 NW 70 ST,494103-03-290-0,A&M FOX ROOFING,ROOF SHINGLE (NEW OR REROOF),CLOSED
06-00001014,7368 WOODMONT AVE,494105-AD-000-0,A&M FOX ROOFING,ROOF TILE (NEW OR REROOF),CLOSED
06-00003380,7707 NW 79 AVE,494104-48-001-1,A&M FOX ROOFING,ROOF SHINGLE (NEW OR REROOF),CLOSED
06-00003381,7607 NW 79 AVE,494104-AJ-000-0,A&M FOX ROOFING,ROOF SHINGLE (NEW OR REROOF),APPROVED
06-00007679,8503 NW 59 ST,494109-05-231-0,A&M FOX ROOFING,ROOF TILE (NEW OR REROOF),CLOSED
07-00000737,7797 N UNIVERSITY DR,494104-CA-000-0,A&M FOX ROOFING,ROOF TILE (NEW OR REROOF),CLOSED
07-00000738,7737 N UNIVERSITY DR,494104-CG-000-0,A&M FOX ROOFING,ROOF FLAT (NEW OR REROOF),CLOSED
07-00000739,7707 N UNIVERSITY DR,494104-BD-000-0,A&M FOX ROOFING,ROOF TILE (NEW OR REROOF),CLOSED
07-00002261,9701 NW 67 ST,494108-05-148-0,A&M FOX ROOFING,ROOF FLAT (NEW OR REROOF),CLOSED
08-00000094,5004 NW 49 RD,494113-07-163-0,A&M FOX ROOFING,ROOF TILE (NEW OR REROOF),CLOSED
08-00001654,5400 NW 49 TER,494113-10-232-0,A&M FOX ROOFING,ROOFING OR RE-ROOFING,CLOSED
09-00002421,6702 NW 71 CT,494103-03-132-0,A&M FOX ROOFING,ROOFING OR RE-ROOFING,CLOSED
09-00003540,7006 NW 104 AVE,494106-01-218-0,A&M FOX ROOFING,ROOFING OR RE-ROOFING,CLOSED
10-00000050,2710 NW 51 PL,494217-02-082-0,A&M FOX ROOFING,ROOFING OR RE-ROOFING,CLOSED
10-00000748,7803 NW 70 AVE,494103-08-046-0,A&M FOX ROOFING,ROOFING OR RE-ROOFING,CLOSED
10-00001206,7797 N UNIVERSITY DR,494104-CA-000-0,A&M FOX ROOFING,ROOFING OR RE-ROOFING,CLOSED
11-00000160,8308 NW 59 PL,494109-05-124-0,A&M FOX ROOFING,ROOFING OR RE-ROOFING,CLOSED
11-00003662,5204 YELLOW PINE LN,494114-11-079-0,A&M FOX ROOFING,ROOFING OR RE-ROOFING,CLOSED
12-00003687,5821 N PLUM BAY PKWY,494108-21-029-0,A&M FOX ROOFING,ROOFING OR RE-ROOFING,CLOSED
13-00002477,5309 NW 49 TER,494113-10-227-0,A&M FOX ROOFING,ROOFING OR RE-ROOFING,CLOSED
13-00002700,2621 NW 53 ST,494217-05-228-0,A&M FOX ROOFING,ROOFING OR RE-ROOFING,CLOSED
14-00001747,2605 NW 53 ST,494217-05-226-0,A&M FOX ROOFING,ROOFING OR RE-ROOFING,CLOSED
16-00005028,10001 NW 71 CT,494106-01-174-0,A-TECH ROOFING,ROOFING OR RE-ROOFING,CLOSED
19-00004904,7225 NW 88 AVE,494105-01-016-0,A-1 DURAN ROOFING,ROOFING OR RE-ROOFING,CLOSED
20-00005199,7121 NW 88 AVE,494105-01-016-0,A-1 DURAN ROOFING,ROOFING OR RE-ROOFING,CLOSED
20-00005757,7081 NW 88 AVE,494105-01-016-0,A-1 DURAN ROOFING,ROOFING OR RE-ROOFING,APPROVED
23-00000578,7047 NW 88 AVE,494105-01-016-0,A-1 DURAN ROOFING,ROOFING OR RE-ROOFING,CLOSED
07-00002890,4601 NW 49 ST,494113-02-311-0,A-1 JOSE JOSE ROOFING CORP,ROOF SHINGLE (NEW OR REROOF),CLOSED
19-00003634,4908 NW 55 CT,494113-10-080-0,A-1 MODIFIED ROOFING INC,ROOFING OR RE-ROOFING,CLOSED
23-00004300,4709 NW 44 ST,494113-09-038-0,A-1 MODIFIED ROOFING INC,ROOFING OR RE-ROOFING,CLOSED
24-00000439,4710 NW 44 ST,494113-09-004-0,A-1 MODIFIED ROOFING INC,ROOFING OR RE-ROOFING,APPROVED
24-00001384,4700 NW 47 TER,494113-08-129-0,A-1 MODIFIED ROOFING INC,ROOFING OR RE-ROOFING,APPROVED
24-00001575,8009 NW 100 TER,494106-02-081-0,A-1 MODIFIED ROOFING INC,ROOFING OR RE-ROOFING,CLOSED
24-00001841,4713 NW 44 ST,494113-09-036-0,A-1 MODIFIED ROOFING INC,ROOFING OR RE-ROOFING,APPROVED
24-00002424,4700 NW 47 TER,494113-08-129-0,A-1 MODIFIED ROOFING INC,ROOFING OR RE-ROOFING,DUPLICATE
24-00003402,6183 LAUREL LN,494111-27-029-0,A-1 MODIFIED ROOFING INC,ROOFING OR RE-ROOFING,CLOSED
24-00003403,6183 LAUREL LN,494111-27-028-0,A-1 MODIFIED ROOFING INC,ROOFING OR RE-ROOFING,CLOSED
25-00001108,7822 NW 70 CT,494104-21-026-0,A-1 MODIFIED ROOFING INC,ROOFING OR RE-ROOFING,APPROVED
25-00001182,4560 NW 17 AVE,494216-09-113-0,A-1 MODIFIED ROOFING INC,ROOFING OR RE-ROOFING,CLOSED
25-00002788,7800 NW 70 CT,494104-21-067-0,A-1 MODIFIED ROOFING INC,ROOFING OR RE-ROOFING,CLOSED
25-00003159,5510 WHITE OAK CIR,494114-03-005-0,A-1 MODIFIED ROOFING INC,ROOFING OR RE-ROOFING,CLOSED
25-00003525,5804 NW 86 AVE,494109-03-148-0,A-1 MODIFIED ROOFING INC,ROOFING OR RE-ROOFING,CLOSED
25-00004754,5821 NW 56 PL,494111-06-007-0,A-1 ROOFING & WATERPROOFING JT,ROOFING OR RE-ROOFING,IN PLAN CHECK
17-00005047,6188 PINE TREE LN,494111-10-044-1,A-1 SUNSHINE ROOFING,ROOFING OR RE-ROOFING,CLOSED
18-00000911,7008 NW 92 AVE,494105-05-160-0,A-1 SUNSHINE ROOFING,ROOFING OR RE-ROOFING,CLOSED
18-00001433,6194 LAUREL LN,494111-10-005-0,A-1 SUNSHINE ROOFING,ROOFING OR RE-ROOFING,CLOSED
18-00001434,8114 NW 75 AVE,494103-19-072-0,A-1 SUNSHINE ROOFING,ROOFING OR RE-ROOFING,CLOSED
18-00002196,6461 NW 90 AVE,494108-11-028-0,A-1 SUNSHINE ROOFING,ROOFING OR RE-ROOFING,CLOSED
18-00002663,8112 NW 75 AVE,494103-19-071-0,A-1 SUNSHINE ROOFING,ROOFING OR RE-ROOFING,CLOSED
18-00002886,6516 NW 57 CT,494110-02-309-0,A-1 SUNSHINE ROOFING,ROOFING OR RE-ROOFING,CLOSED
19-00003853,7659 NW 74 AVE,494103-13-002-0,A-1 SUNSHINE ROOFING,ROOFING OR RE-ROOFING,CLOSED
19-00004914,5530 NW 61 PL,494111-14-124-0,A-1 SUNSHINE ROOFING,ROOF REPAIRS,CLOSED
20-00001268,5621 NW 58 WAY,494111-06-003-0,A-1 SUNSHINE ROOFING,ROOFING OR RE-ROOFING,CANCELLED
20-00001303,7004 NW 97 AVE,494105-03-061-0,A-1 SUNSHINE ROOFING,ROOFING OR RE-ROOFING,CLOSED
20-00003064,6101 WHITE OAK LN,494114-03-093-0,A-1 SUNSHINE ROOFING,ROOFING OR RE-ROOFING,APPROVED
21-00000671,7110 NW 57 CT,494110-03-041-0,A-1 SUNSHINE ROOFING,ROOFING OR RE-ROOFING,CLOSED
21-00001733,7003 NW 73 ST,494103-03-247-0,A-1 SUNSHINE ROOFING,ROOFING OR RE-ROOFING,CLOSED
21-00003093,7112 NW 57 CT,494110-03-040-0,A-1 SUNSHINE ROOFING,ROOFING OR RE-ROOFING,APPROVED
21-00003096,5105 NW 54 ST,494113-10-297-0,A-1 SUNSHINE ROOFING,ROOFING OR RE-ROOFING,CLOSED
21-00003492,5621 NW 58 WAY,494111-06-003-0,A-1 SUNSHINE ROOFING,ROOFING OR RE-ROOFING,DUPLICATE
24-00005714,7411 NW 58 ST,494110-03-081-0,A-1 SUNSHINE ROOFING,ROOFING OR RE-ROOFING,APPROVED
25-00000014,7411 NW 58 ST,494110-03-081-0,A-1 SUNSHINE ROOFING,ROOFING OR RE-ROOFING,DUPLICATE
17-00002394,6195 LAUREL LN,494111-10-037-1,AA ROOFING,ROOFING OR RE-ROOFING,CLOSED
06-00000060,7012 NW 97 AVE,494105-03-065-0,AAA CUSTOM ROOFING,ROOF SHINGLE (NEW OR REROOF),CLOSED
06-00000061,4905 NW 55 CT,494113-10-043-0,AAA CUSTOM ROOFING,ROOF SHINGLE (NEW OR REROOF),CLOSED
06-00000062,5303 NW 50 AVE,494113-10-015-0,AAA CUSTOM ROOFING,ROOF SHINGLE (NEW OR REROOF),CLOSED
06-00000063,9702 NW 66 ST,494108-05-203-0,AAA CUSTOM ROOFING,ROOF SHINGLE (NEW OR REROOF),CLOSED
06-00000152,4617 NW 47 ST,494113-04-103-0,AAA CUSTOM ROOFING,ROOF SHINGLE (NEW OR REROOF),CLOSED
06-00000153,6617 NW 93 AVE,494108-05-028-0,AAA CUSTOM ROOFING,ROOF SHINGLE (NEW OR REROOF),CLOSED
06-00000767,8013 NW 74 TER,494103-19-057-0,AAA CUSTOM ROOFING,ROOF SHINGLE (NEW OR REROOF),CLOSED
06-00000768,7007 NW 98 TER,494105-03-044-0,AAA CUSTOM ROOFING,ROOF SHINGLE (NEW OR REROOF),CLOSED
06-00001192,7011 NW 104 AVE,494106-01-162-0,AAA CUSTOM ROOFING,ROOF SHINGLE (NEW OR REROOF),CLOSED
06-00001193,4913 NW 54 ST,494113-10-168-0,AAA CUSTOM ROOFING,ROOF SHINGLE (NEW OR REROOF),CLOSED
06-00001194,5018 NW 49 RD,494113-07-156-0,AAA CUSTOM ROOFING,ROOF SHINGLE (NEW OR REROOF),CLOSED
06-00001195,9103 NW 72 ST,494105-05-179-0,AAA CUSTOM ROOFING,ROOF SHINGLE (NEW OR REROOF),CLOSED
06-00001196,9701 NW 83 ST,494105-09-090-0,AAA CUSTOM ROOFING,ROOF SHINGLE (NEW OR REROOF),CLOSED
06-00001197,9621 NW 76 CT,494105-16-079-0,AAA CUSTOM ROOFING,ROOF SHINGLE (NEW OR REROOF),VOID
06-00001198,9624 NW 76 CT,494105-16-079-0,AAA CUSTOM ROOFING,ROOF SHINGLE (NEW OR REROOF),CLOSED
06-00001199,9845 NW 76 ST,494105-16-079-0,AAA CUSTOM ROOFING,ROOF SHINGLE (NEW OR REROOF),CLOSED
06-00001200,9771 NW 76 ST,494105-16-079-0,AAA CUSTOM ROOFING,ROOF SHINGLE (NEW OR REROOF),CLOSED
06-00001201,7680 NW 96 TER,494105-16-079-0,AAA CUSTOM ROOFING,ROOF SHINGLE (NEW OR REROOF),CLOSED
06-00001202,9601 NW 76 CT,494105-16-079-0,AAA CUSTOM ROOFING,ROOF SHINGLE (NEW OR REROOF),CLOSED
06-00001203,9759 NW 76 CT,494105-16-079-0,AAA CUSTOM ROOFING,ROOF SHINGLE (NEW OR REROOF),CLOSED
06-00001204,9819 NW 76 CT,494105-16-079-0,AAA CUSTOM ROOFING,ROOF SHINGLE (NEW OR REROOF),CLOSED
06-00001324,5207 WOODLANDS BLVD,494114-05-005-0,AAA CUSTOM ROOFING,ROOF SHINGLE (NEW OR REROOF),CLOSED
06-00001325,8097 PALMETTO PALM CIR,494104-AA-053-0,AAA CUSTOM ROOFING,ROOF SHINGLE (NEW OR REROOF),CLOSED
06-00001664,8009 NW 74 TER,494103-19-059-0,AAA CUSTOM ROOFING,ROOF SHINGLE (NEW OR REROOF),CLOSED
06-00001721,4934 NW 55 ST,494113-10-121-0,AAA CUSTOM ROOFING,ROOF SHINGLE (NEW OR REROOF),CLOSED
06-00002201,8201 NW 100 LN,494105-15-172-0,AAA CUSTOM ROOFING,ROOF SHINGLE (NEW OR REROOF),CLOSED
06-00002202,8101 NW 100 WAY,494105-15-172-0,AAA CUSTOM ROOFING,ROOF SHINGLE (NEW OR REROOF),CLOSED
06-00002203,8113 NW 100 WAY,494105-15-172-0,AAA CUSTOM ROOFING,ROOF SHINGLE (NEW OR REROOF),CLOSED
06-00002204,10004 NW 83 ST,494105-15-172-0,AAA CUSTOM ROOFING,ROOF SHINGLE (NEW OR REROOF),CLOSED
06-00002205,8206 NW 100 LN,494105-15-172-0,AAA CUSTOM ROOFING,ROOF SHINGLE (NEW OR REROOF),CLOSED
06-00002206,8102 NW 100 LN,494105-15-172-0,AAA CUSTOM ROOFING,ROOF SHINGLE (NEW OR REROOF),CLOSED
06-00002207,8115 NW 100 LN,494105-15-172-0,AAA CUSTOM ROOFING,ROOF SHINGLE (NEW OR REROOF),CLOSED
06-00002208,8224 NW 100 WAY,494105-15-172-0,AAA CUSTOM ROOFING,ROOF SHINGLE (NEW OR REROOF),CLOSED
06-00002209,8015 NW 100 WAY,494105-15-172-0,AAA CUSTOM ROOFING,ROOF SHINGLE (NEW OR REROOF),CLOSED
06-00002210,8215 NW 100 WAY,494105-15-172-0,AAA CUSTOM ROOFING,ROOF SHINGLE (NEW OR REROOF),CLOSED
06-00002211,10007 NW 83 ST,494105-15-172-0,AAA CUSTOM ROOFING,ROOF SHINGLE (NEW OR REROOF),CLOSED
06-00002212,8209 NW 100 DR,494105-15-172-0,AAA CUSTOM ROOFING,ROOF SHINGLE (NEW OR REROOF),CLOSED
06-00002213,10003 NW 83 ST,494105-15-172-0,AAA CUSTOM ROOFING,ROOF SHINGLE (NEW OR REROOF),CLOSED
06-00002214,4939 NW 54 ST,494113-10-181-0,AAA CUSTOM ROOFING,ROOF SHINGLE (NEW OR REROOF),CLOSED
06-00002215,8116 NW 100 LN,494105-15-172-0,AAA CUSTOM ROOFING,ROOF SHINGLE (NEW OR REROOF),CLOSED
06-00002216,10006 NW 83 ST,494105-15-172-0,AAA CUSTOM ROOFING,ROOF SHINGLE (NEW OR REROOF),CLOSED
06-00002217,8200 NW 100 DR,494105-15-172-0,AAA CUSTOM ROOFING,ROOF SHINGLE (NEW OR REROOF),CLOSED
06-00002218,10008 NW 83 ST,494105-15-172-0,AAA CUSTOM ROOFING,ROOF SHINGLE (NEW OR REROOF),CLOSED
06-00002219,8102 NW 100 DR,494105-15-172-0,AAA CUSTOM ROOFING,ROOF SHINGLE (NEW OR REROOF),CLOSED
06-00003330,10218 NW 70 ST,494106-01-206-0,AAA CUSTOM ROOFING,ROOF SHINGLE (NEW OR REROOF),CLOSED
06-00003331,4736 NW 49 CT,494113-11-230-0,AAA CUSTOM ROOFING,ROOF SHINGLE (NEW OR REROOF),CLOSED
06-00003332,8041 PALMETTO PALM CIR,494104-AA-049-0,AAA CUSTOM ROOFING,ROOF SHINGLE (NEW OR REROOF),CLOSED
06-00003333,6715 NW 58 CT,494110-02-017-0,AAA CUSTOM ROOFING,ROOF SHINGLE (NEW OR REROOF),CLOSED
06-00003334,10407 NW 70 ST,494106-01-155-0,AAA CUSTOM ROOFING,ROOF SHINGLE (NEW OR REROOF),CLOSED
06-00003335,7682 NW 88 LN,494105-23-081-0,AAA CUSTOM ROOFING,ROOF SHINGLE (NEW OR REROOF),CLOSED
06-00003336,4900 NW 55 CT,494113-10-084-0,AAA CUSTOM ROOFING,ROOF SHINGLE (NEW OR REROOF),CLOSED
06-00003337,9100 NW 72 ST,494105-05-144-0,AAA CUSTOM ROOFING,ROOF SHINGLE (NEW OR REROOF),CLOSED
06-00003540,9706 NW 70 ST,494105-03-055-0,AAA CUSTOM ROOFING,ROOF SHINGLE (NEW OR REROOF),CLOSED
06-00003773,4798 NW 49 RD,494113-07-185-0,AAA CUSTOM ROOFING,ROOF SHINGLE (NEW OR REROOF),CLOSED
06-00003774,4112 NW 47 ST,494113-02-021-0,AAA CUSTOM ROOFING,ROOF SHINGLE (NEW OR REROOF),CLOSED
06-00004302,5620 NW 55 LN,494111-11-089-0,AAA CUSTOM ROOFING,ROOF SHINGLE (NEW OR REROOF),CLOSED
06-00004303,5301 GATE LAKE RD,494111-BJ-000-0,AAA CUSTOM ROOFING,ROOF SHINGLE (NEW OR REROOF),CLOSED
06-00004304,7401 PALM TER,494104-AA-019-0,AAA CUSTOM ROOFING,ROOF SHINGLE (NEW OR REROOF),CANCELLED
06-00004305,4918 NW 54 CT,494113-10-162-0,AAA CUSTOM ROOFING,ROOF SHINGLE (NEW OR REROOF),CLOSED
06-00004306,5221 GATE LAKE RD,494111-BJ-000-0,AAA CUSTOM ROOFING,ROOF SHINGLE (NEW OR REROOF),CLOSED
06-00004307,5251 GATE LAKE RD,494111-BJ-000-0,AAA CUSTOM ROOFING,ROOF SHINGLE (NEW OR REROOF),CLOSED
06-00004600,7607 NW 96 TER,494105-16-222-1,AAA CUSTOM ROOFING,ROOF SHINGLE (NEW OR REROOF),CLOSED
06-00004601,9644 NW 76 CT,494105-16-079-0,AAA CUSTOM ROOFING,ROOF SHINGLE (NEW OR REROOF),CLOSED
06-00004602,7604 NW 96 TER,494105-16-079-0,AAA CUSTOM ROOFING,ROOF SHINGLE (NEW OR REROOF),CLOSED
06-00005641,8064 BUTTONWOOD CIR,494104-29-018-0,AAA CUSTOM ROOFING,ROOF SHINGLE (NEW OR REROOF),CLOSED
06-00005708,10001 NW 83 ST,494105-15-172-0,AAA CUSTOM ROOFING,ROOF SHINGLE (NEW OR REROOF),CLOSED
06-00007279,9623 NW 76 ST,494105-16-079-0,AAA CUSTOM ROOFING,ROOF SHINGLE (NEW OR REROOF),CLOSED
06-00007280,9603 NW 76 ST,494105-16-079-0,AAA CUSTOM ROOFING,ROOF SHINGLE (NEW OR REROOF),CLOSED
06-00007281,9602 NW 76 ST,494105-16-079-0,AAA CUSTOM ROOFING,ROOF SHINGLE (NEW OR REROOF),CLOSED
06-00007282,9626 NW 76 ST,494105-16-079-0,AAA CUSTOM ROOFING,ROOF SHINGLE (NEW OR REROOF),CLOSED
06-00007283,7620 NW 96 TER,494105-16-079-0,AAA CUSTOM ROOFING,ROOF SHINGLE (NEW OR REROOF),CLOSED
06-00007284,7640 NW 96 TER,494105-16-079-0,AAA CUSTOM ROOFING,ROOF SHINGLE (NEW OR REROOF),CLOSED
06-00007285,7660 NW 96 TER,494105-16-079-0,AAA CUSTOM ROOFING,ROOF SHINGLE (NEW OR REROOF),CLOSED
06-00007286,9729 NW 76 CT,494105-16-079-0,AAA CUSTOM ROOFING,ROOF SHINGLE (NEW OR REROOF),CLOSED
06-00007287,9760 NW 76 CT,494105-16-079-0,AAA CUSTOM ROOFING,ROOF SHINGLE (NEW OR REROOF),CLOSED
06-00007288,9608 NW 76 CT,494105-16-079-0,AAA CUSTOM ROOFING,ROOF SHINGLE (NEW OR REROOF),CLOSED
06-00007289,9641 NW 76 CT,494105-16-079-0,AAA CUSTOM ROOFING,ROOF SHINGLE (NEW OR REROOF),CLOSED
06-00007290,9661 NW 76 CT,494105-16-079-0,AAA CUSTOM ROOFING,ROOF SHINGLE (NEW OR REROOF),CLOSED
06-00007291,9840 NW 76 CT,494105-16-079-0,AAA CUSTOM ROOFING,ROOF SHINGLE (NEW OR REROOF),CLOSED
18-00003649,7203 NW 76 PL,494103-05-215-0,AAA ROOFING SERVICES INC,ROOFING OR RE-ROOFING,CLOSED
18-00005054,6061 SHAKERWOOD CIR,494111-09-260-1,AAA ROOFING SERVICES INC,ROOFING OR RE-ROOFING,CLOSED
20-00004655,9951 RED HEART LN,494108-21-240-0,AAA ROOFMASTERS INC,ROOFING OR RE-ROOFING,CLOSED
00-00000107,7830 NW 86 TER,494105-14-012-0,AABCO ROOFING INC,ROOF SHINGLE (NEW OR REROOF),CLOSED
00-00000108,4506 MAINLAND DR,494113-02-362-0,AABCO ROOFING INC,ROOF SHINGLE (NEW OR REROOF),CLOSED
00-00000109,4909 NW 43 AVE,494113-02-214-0,AABCO ROOFING INC,ROOF SHINGLE (NEW OR REROOF),CLOSED
00-00000676,6950 NW 82 CT,494103-16-218-0,AABCO ROOFING INC,ROOF SHINGLE (NEW OR REROOF),CLOSED
00-00000710,7710 BANYAN TER,494104-32-012-0,AABCO ROOFING INC,ROOF SHINGLE (NEW OR REROOF),CLOSED
00-00000847,7309 NW 96 AVE,494105-03-246-0,AABCO ROOFING INC,ROOF SHINGLE (NEW OR REROOF),CLOSED
00-00000921,7609 NW 72 WAY,494103-05-258-0,AABCO ROOFING INC,ROOF SHINGLE (NEW OR REROOF),CLOSED
00-00001047,8005 NW 75 AVE,494103-06-128-0,AABCO ROOFING INC,ROOF SHINGLE (NEW OR REROOF),CLOSED
00-00001109,8704 NW 57 LN,494109-07-009-0,AABCO ROOFING INC,ROOF SHINGLE (NEW OR REROOF),CLOSED
00-00001147,6104 NW 71 AVE,494110-04-384-0,AABCO ROOFING INC,ROOF SHINGLE (NEW OR REROOF),CLOSED
00-00001148,8116 NW 73 AVE,494103-18-254-0,AABCO ROOFING INC,ROOF SHINGLE (NEW OR REROOF),VOID
00-00001358,8230 NW 69 AVE,494103-16-173-0,AABCO ROOFING INC,ROOF SHINGLE (NEW OR REROOF),CLOSED
00-00001852,7804 NW 69 TER,494103-09-006-0,AABCO ROOFING INC,ROOF SHINGLE (NEW OR REROOF),CLOSED
00-00002006,8203 NW 75 AVE,494103-18-105-0,AABCO ROOFING INC,ROOF SHINGLE (NEW OR REROOF),CLOSED
00-00002439,6305 BROOKWOOD BLVD,494110-05-051-0,AABCO ROOFING INC,ROOF SHINGLE (NEW OR REROOF),CLOSED
00-00002608,6108 NW 73 TER,494110-04-410-0,AABCO ROOFING INC,ROOF SHINGLE (NEW OR REROOF),CLOSED
00-00002679,7201 NW 68 ST,494110-05-254-0,AABCO ROOFING INC,ROOF SHINGLE (NEW OR REROOF),CLOSED
00-00002706,8113 NW 92 TER,494105-04-084-0,AABCO ROOFING INC,ROOF SHINGLE (NEW OR REROOF),CLOSED
00-00002865,7609 NW 66 TER,494103-05-031-0,AABCO ROOFING INC,ROOF SHINGLE (NEW OR REROOF),CLOSED
00-00003039,6930 NW 82 CT,494103-16-220-0,AABCO ROOFING INC,ROOF SHINGLE (NEW OR REROOF),CLOSED
00-00003313,6705 NW 61 ST,494110-04-136-0,AABCO ROOFING INC,ROOF SHINGLE (NEW OR REROOF),CLOSED
00-00003314,8011 NW 108 AVE,494106-02-319-0,AABCO ROOFING INC,ROOF SHINGLE (NEW OR REROOF),CLOSED
00-00003315,7000 NW 92 TER,494105-05-071-0,AABCO ROOFING INC,ROOF SHINGLE (NEW OR REROOF),CLOSED
00-00003872,7802 NW 73 AVE,494103-08-121-0,AABCO ROOFING INC,ROOF SHINGLE (NEW OR REROOF),CLOSED
00-00003873,8205 NW 74 AVE,494103-18-076-0,AABCO ROOFING INC,ROOF SHINGLE (NEW OR REROOF),CLOSED
01-00000167,5503 MULBERRY DR,494114-09-046-0,AABCO ROOFING INC,ROOF SHINGLE (NEW OR REROOF),CLOSED
01-00000567,7104 NW 82 CT,494103-18-010-0,AABCO ROOFING INC,ROOF SHINGLE (NEW OR REROOF),CLOSED
01-00000705,7004 NW 92 TER,494105-05-073-0,AABCO ROOFING INC,ROOF SHINGLE (NEW OR REROOF),CLOSED
01-00002156,8351 NW 80 ST,494104-42-027-0,AABCO ROOFING INC,ROOF SHINGLE (NEW OR REROOF),CLOSED
01-00002224,7614 NW 72 WAY,494103-05-274-0,AABCO ROOFING INC,ROOF SHINGLE (NEW OR REROOF),CLOSED
01-00002295,5724 S BAYBERRY LN,494114-11-027-0,AABCO ROOFING INC,ROOF SHINGLE (NEW OR REROOF),CLOSED
01-00002628,7210 NW 74 PL,494103-04-018-0,AABCO ROOFING INC,ROOF SHINGLE (NEW OR REROOF),CLOSED
01-00002629,6812 NW 76 CT,494103-05-115-0,AABCO ROOFING INC,ROOF SHINGLE (NEW OR REROOF),CLOSED
01-00003010,7362 NW 83 WAY,494104-44-034-0,AABCO ROOFING INC,ROOF SHINGLE (NEW OR REROOF),CLOSED
01-00003231,8304 NW 74 TER,494103-18-089-0,AABCO ROOFING INC,ROOF SHINGLE (NEW OR REROOF),CLOSED
01-00003370,8116 NW 73 AVE,494103-18-254-0,AABCO ROOFING INC,ROOF SHINGLE (NEW OR REROOF),CLOSED
01-00003371,8212 NW 80 ST,494104-42-010-0,AABCO ROOFING INC,ROOF SHINGLE (NEW OR REROOF),CLOSED
01-00003603,9206 NW 81 PL,494105-04-177-0,AABCO ROOFING INC,ROOF SHINGLE (NEW OR REROOF),CLOSED
01-00003633,5001 NW 50 CT,494113-07-125-0,AABCO ROOFING INC,ROOF SHINGLE (NEW OR REROOF),CLOSED
02-00000536,7803 NW 61 ST,494109-31-001-0,AABCO ROOFING INC,ROOF SHINGLE (NEW OR REROOF),CLOSED
02-00000910,9404 NW 81 CT,494105-04-260-0,AABCO ROOFING INC,ROOF SHINGLE (NEW OR REROOF),CLOSED
02-00001016,8620 BANYAN WAY,494105-14-002-0,AABCO ROOFING INC,ROOF SHINGLE (NEW OR REROOF),CLOSED
02-00001034,5507 GUAVA CIR,494114-03-073-0,AABCO ROOFING INC,ROOF SHINGLE (NEW OR REROOF),CLOSED
02-00001165,7206 NW 89 AVE,494105-05-041-0,AABCO ROOFING INC,ROOF SHINGLE (NEW OR REROOF),CLOSED
02-00001337,9505 NW 73 ST,494105-03-268-0,AABCO ROOFING INC,ROOF SHINGLE (NEW OR REROOF),CLOSED
02-00001415,7501 NW 66 TER,494103-04-167-0,AABCO ROOFING INC,ROOF SHINGLE (NEW OR REROOF),CLOSED
02-00001617,7423 NW 76 ST,494103-07-029-0,AABCO ROOFING INC,ROOF SHINGLE (NEW OR REROOF),CLOSED
02-00002080,8210 NW 68 AVE,494103-16-145-0,AABCO ROOFING INC,ROOF SHINGLE (NEW OR REROOF),CLOSED
02-00002115,6821 NW 84 ST,494103-16-156-0,AABCO ROOFING INC,ROOF SHINGLE (NEW OR REROOF),CLOSED
02-00002644,8015 NW 100 TER,494106-02-078-0,AABCO ROOFING INC,ROOF SHINGLE (NEW OR REROOF),CLOSED
02-00002832,7200 NW 93 AVE,494105-05-121-0,AABCO ROOFING INC,ROOF SHINGLE (NEW OR REROOF),CLOSED
02-00003145,5802 NW 82 TER,494109-02-099-0,AABCO ROOFING INC,ROOF SHINGLE (NEW OR REROOF),CLOSED
02-00003203,6610 NW 98 AVE,494108-05-164-0,AABCO ROOFING INC,ROOF SHINGLE (NEW OR REROOF),CLOSED
03-00000109,7011 NW 79 AVE,494104-21-038-0,AABCO ROOFING INC,ROOF SHINGLE (NEW OR REROOF),CLOSED
03-00000110,7419 NW 70 AVE,494103-04-038-0,AABCO ROOFING INC,ROOF SHINGLE (NEW OR REROOF),CLOSED
03-00000256,4905 N TRAVELERS PALM LN,494114-09-003-0,AABCO ROOFING INC,ROOF SHINGLE (NEW OR REROOF),CLOSED
03-00000289,9607 NW 80 PL,494105-06-099-0,AABCO ROOFING INC,ROOF SHINGLE (NEW OR REROOF),CLOSED
03-00000357,7704 NW 73 TER,494103-08-105-1,AABCO ROOFING INC,ROOF SHINGLE (NEW OR REROOF),CLOSED
03-00000434,6810 NW 76 CT,494103-05-114-0,AABCO ROOFING INC,ROOF SHINGLE (NEW OR REROOF),CLOSED
03-00000663,6901 NW 78 CT,494103-09-078-0,AABCO ROOFING INC,ROOF SHINGLE (NEW OR REROOF),CLOSED
03-00000733,7103 NW 72 ST,494103-03-370-0,AABCO ROOFING INC,ROOF SHINGLE (NEW OR REROOF),CLOSED
03-00000842,7118 NW 73 ST,494103-03-358-0,AABCO ROOFING INC,ROOF SHINGLE (NEW OR REROOF),CLOSED
03-00001574,6811 NW 78 CT,494103-09-077-0,AABCO ROOFING INC,ROOF SHINGLE (NEW OR REROOF),CLOSED
03-00001577,8253 CASSIA TER,494104-31-009-0,AABCO ROOFING INC,ROOF SHINGLE (NEW OR REROOF),CLOSED
03-00001809,8160 PINE CIR,494104-AC-010-0,AABCO ROOFING INC,ROOF SHINGLE (NEW OR REROOF),CLOSED
03-00001842,8291 NW 68 TER,494103-16-160-0,AABCO ROOFING INC,ROOF SHINGLE (NEW OR REROOF),CLOSED
03-00001986,6911 NW 82 CT,494103-16-211-0,AABCO ROOFING INC,ROOF SHINGLE (NEW OR REROOF),CLOSED
03-00002013,8331 BLACK OLIVE DR,494104-34-030-0,AABCO ROOFING INC,ROOF SHINGLE (NEW OR REROOF),CLOSED
03-00002233,7900 NW 83 ST,494104-49-023-0,AABCO ROOFING INC,ROOF SHINGLE (NEW OR REROOF),CLOSED
03-00002478,9403 NW 81 CT,494105-04-276-0,AABCO ROOFING INC,ROOF SHINGLE (NEW OR REROOF),CLOSED
03-00002937,7506 NW 70 AVE,494103-04-269-0,AABCO ROOFING INC,ROOF SHINGLE (NEW OR REROOF),CLOSED
03-00003453,7000 NW 66 TER,494103-03-049-0,AABCO ROOFING INC,ROOF SHINGLE (NEW OR REROOF),CLOSED
03-00003524,7928 NW 83 ST,494104-49-030-0,AABCO ROOFING INC,ROOF SHINGLE (NEW OR REROOF),CLOSED
03-00003578,8105 NW 73 TER,494103-19-037-0,AABCO ROOFING INC,ROOF SHINGLE (NEW OR REROOF),CLOSED
04-00000135,6703 NW 98 AVE,494108-05-129-0,AABCO ROOFING INC,ROOF SHINGLE (NEW OR REROOF),CLOSED
04-00000364,7803 NW 61 ST,494109-31-001-0,AABCO ROOFING INC,ROOF SHINGLE (NEW OR REROOF),CLOSED
04-00000458,6609 NW 74 PL,494103-04-149-0,AABCO ROOFING INC,ROOF SHINGLE (NEW OR REROOF),CLOSED
04-00000541,7106 NW 66 TER,494103-03-039-0,AABCO ROOFING INC,ROOF SHINGLE (NEW OR REROOF),CLOSED
04-00000683,6802 NW 75 ST,494103-04-252-0,AABCO ROOFING INC,ROOF SHINGLE (NEW OR REROOF),CLOSED
04-00000783,9713 NW 75 CT,494105-16-199-0,AABCO ROOFING INC,ROOF SHINGLE (NEW OR REROOF),CLOSED
04-00000860,7501 N UNIVERSITY DR,494104-71-001-0,AABCO ROOFING INC,ROOF SHINGLE (NEW OR REROOF),CLOSED
04-00001751,7302 NW 57 PL,494110-03-154-0,AABCO ROOFING INC,ROOF SHINGLE (NEW OR REROOF),CLOSED
04-00001907,7803 NW 61 ST,494109-31-001-0,AABCO ROOFING INC,ROOF SHINGLE (NEW OR REROOF),CLOSED
04-00001945,8260 NW 68 TER,494103-16-235-0,AABCO ROOFING INC,ROOF SHINGLE (NEW OR REROOF),CLOSED
04-00003033,7204 NW 80 PL,494103-18-209-0,AABCO ROOFING INC,ROOF SHINGLE (NEW OR REROOF),CLOSED
04-00003604,5812 NW 70 AVE,494110-04-211-0,AABCO ROOFING INC,ROOF SHINGLE (NEW OR REROOF),CLOSED
04-00003968,8102 NW 104 AVE,494106-02-179-0,AABCO ROOFING INC,ROOF SHINGLE (NEW OR REROOF),CLOSED
05-00000318,9404 NW 80 PL,494105-06-054-0,AABCO ROOFING INC,ROOF SHINGLE (NEW OR REROOF),CLOSED
05-00001024,7345 NW 83 AVE,494104-44-046-0,AABCO ROOFING INC,ROOF SHINGLE (NEW OR REROOF),CLOSED
05-00001313,7111 NW 70 ST,494103-03-307-0,AABCO ROOFING INC,ROOF SHINGLE (NEW OR REROOF),CLOSED
05-00001426,9900 WESTWOOD DR,494105-03-007-0,AABCO ROOFING INC,ROOF SHINGLE (NEW OR REROOF),VOID
05-00001843,7920 NW 83 ST,494104-49-028-0,AABCO ROOFING INC,ROOF SHINGLE (NEW OR REROOF),CLOSED
05-00002119,8200 NW 101 AVE,494106-02-046-0,AABCO ROOFING INC,ROOF SHINGLE (NEW OR REROOF),CLOSED
05-00002353,8304 NW 80 ST,494104-42-013-0,AABCO ROOFING INC,ROOF SHINGLE (NEW OR REROOF),CLOSED
05-00003817,4905 NW 51 CT,494113-07-153-0,AABCO ROOFING INC,ROOF SHINGLE (NEW OR REROOF),CLOSED
05-00003840,4510 NW 49 DR,494113-02-291-0,AABCO ROOFING INC,ROOF SHINGLE (NEW OR REROOF),CLOSED
05-00005907,9204 NW 73 ST,494105-05-128-0,AABCO ROOFING INC,ROOF FLAT (NEW OR REROOF),CLOSED
06-00001587,8425 NW 85 AVE,494104-47-052-0,AABCO ROOFING INC,ROOF TILE (NEW OR REROOF),CLOSED
06-00001830,8511 NW 80 ST,494104-46-039-0,AABCO ROOFING INC,ROOF TILE (NEW OR REROOF),CLOSED
06-00001831,7830 NW 85 AVE,494104-46-045-0,AABCO ROOFING INC,ROOF TILE (NEW OR REROOF),CLOSED
06-00002244,9900 WESTWOOD DR,494105-03-007-0,AABCO ROOFING INC,ROOF TILE (NEW OR REROOF),CLOSED
06-00003841,7106 NW 71 AVE,494103-03-232-0,AABCO ROOFING INC,ROOF TILE (NEW OR REROOF),CLOSED
06-00006743,7114 NW 72 ST,494103-03-331-0,AABCO ROOFING INC,ROOF TILE (NEW OR REROOF),CLOSED
06-00006869,8106 NW 74 AVE,494103-19-043-0,AABCO ROOFING INC,ROOF SHINGLE (NEW OR REROOF),CLOSED
06-00007506,5720 S BAYBERRY LN,494114-11-026-0,AABCO ROOFING INC,ROOF TILE (NEW OR REROOF),CLOSED
07-00000135,8203 NW 104 AVE,494106-02-213-0,AABCO ROOFING INC,ROOF SHINGLE (NEW OR REROOF),CLOSED
07-00000336,7036 NW 107 AVE,494106-01-088-0,AABCO ROOFING INC,ROOF SHINGLE (NEW OR REROOF),CLOSED
07-00001422,8025 NW 83 WAY,494104-42-047-0,AABCO ROOFING INC,ROOF TILE (NEW OR REROOF),CLOSED
07-00002566,5901 NW 66 TER,494110-04-108-0,AABCO ROOFING INC,ROOF SHINGLE (NEW OR REROOF),CLOSED
07-00004656,6185 PINE TREE LN,494111-10-027-2,AABCO ROOFING INC,ROOF SHINGLE (NEW OR REROOF),CLOSED
08-00001017,4500 NW 43 AVE,494113-03-036-0,AABCO ROOFING INC,ROOF TILE (NEW OR REROOF),CLOSED
08-00001090,7648 NW 87 AVE,494104-46-092-0,AABCO ROOFING INC,ROOF TILE (NEW OR REROOF),CLOSED
08-00001113,7040 NW 101 AVE,494106-01-260-0,AABCO ROOFING INC,ROOF TILE (NEW OR REROOF),CLOSED
08-00002246,7700 NW 87 AVE,494104-46-069-0,AABCO ROOFING INC,ROOFING OR RE-ROOFING,CLOSED
08-00002462,8017 NW 83 WAY,494104-42-046-0,AABCO ROOFING INC,ROOFING OR RE-ROOFING,CLOSED
98-00001827,6920 NW 81 CT,494103-16-070-0,AABCO ROOFING INC,ROOF SHINGLE (NEW OR REROOF),CLOSED
98-00001999,8109 NW 70 AVE,494103-18-154-0,AABCO ROOFING INC,ROOF SHINGLE (NEW OR REROOF),CLOSED
98-00002072,4909 NW 43 AVE,494113-02-214-0,AABCO ROOFING INC,ROOF SHINGLE (NEW OR REROOF),VOID
98-00002073,4705 NW 49 DR,494113-11-175-0,AABCO ROOFING INC,ROOF SHINGLE (NEW OR REROOF),CLOSED
98-00002272,8108 NW 68 TER,494103-16-030-0,AABCO ROOFING INC,ROOF SHINGLE (NEW OR REROOF),CLOSED
98-00002440,9510 NW 82 ST,494105-09-023-0,AABCO ROOFING INC,ROOF SHINGLE (NEW OR REROOF),CLOSED
98-00002600,7830 NW 86 TER,494105-14-012-0,AABCO ROOFING INC,ROOF SHINGLE (NEW OR REROOF),VOID
98-00002619,7609 NW 68 AVE,494103-05-071-0,AABCO ROOFING INC,ROOF SHINGLE (NEW OR REROOF),CLOSED
98-00002852,4506 MAINLAND DR,494113-02-362-0,AABCO ROOFING INC,ROOF SHINGLE (NEW OR REROOF),VOID
98-00003046,8230 NW 68 TER,494103-16-238-0,AABCO ROOFING INC,ROOF SHINGLE (NEW OR REROOF),CLOSED
98-00003393,8105 NW 93 AVE,494105-04-216-0,AABCO ROOFING INC,ROOF SHINGLE (NEW OR REROOF),CLOSED
98-00003709,7201 NW 93 AVE,494105-05-019-0,AABCO ROOFING INC,ROOF SHINGLE (NEW OR REROOF),CLOSED
98-00003807,8221 PINE DR,494104-AC-061-0,AABCO ROOFING INC,ROOF SHINGLE (NEW OR REROOF),CLOSED
99-00000201,8305 NW 74 TER,494103-18-126-0,AABCO ROOFING INC,ROOF SHINGLE (NEW OR REROOF),CLOSED
99-00000327,7400 NW 83 AVE,494104-44-030-0,AABCO ROOFING INC,ROOF SHINGLE (NEW OR REROOF),CLOSED
99-00000627,7801 NW 74 TER,494103-06-099-0,AABCO ROOFING INC,ROOF SHINGLE (NEW OR REROOF),CLOSED
99-00000904,8116 NW 74 TER,494103-18-230-0,AABCO ROOFING INC,ROOF SHINGLE (NEW OR REROOF),CLOSED
99-00000943,9503 NW 80 PL,494105-06-108-0,AABCO ROOFING INC,ROOF SHINGLE (NEW OR REROOF),CLOSED
99-00001301,8911 NW 80 DR,494105-10-017-0,AABCO ROOFING INC,ROOF SHINGLE (NEW OR REROOF),CLOSED
99-00001384,8000 NW 71 AVE,494103-10-094-0,AABCO ROOFING INC,ROOF SHINGLE (NEW OR REROOF),CLOSED
99-00001385,9603 NW 72 ST,494105-03-243-0,AABCO ROOFING INC,ROOF SHINGLE (NEW OR REROOF),CLOSED
99-00001447,7970 NW 89 AVE,494105-10-008-0,AABCO ROOFING INC,ROOF SHINGLE (NEW OR REROOF),CLOSED
99-00001771,8210 NW 74 TER,494103-18-084-0,AABCO ROOFING INC,ROOF SHINGLE (NEW OR REROOF),CLOSED
99-00001865,7600 NW 88 CIR,494105-23-047-0,AABCO ROOFING INC,ROOF SHINGLE (NEW OR REROOF),CLOSED
99-00002175,9406 NW 74 PL,494105-03-304-0,AABCO ROOFING INC,ROOF SHINGLE (NEW OR REROOF),CLOSED
99-00002269,8117 NW 74 TER,494103-18-264-0,AABCO ROOFING INC,ROOF SHINGLE (NEW OR REROOF),CLOSED
99-00002367,7825 NUTMEG CT,494104-33-019-0,AABCO ROOFING INC,ROOF SHINGLE (NEW OR REROOF),CLOSED
99-00002621,4301 NW 49 DR,494113-02-163-0,AABCO ROOFING INC,ROOF SHINGLE (NEW OR REROOF),CLOSED
99-00002761,4305 NW 49 DR,494113-02-165-0,AABCO ROOFING INC,ROOF SHINGLE (NEW OR REROOF),CLOSED
99-00003878,7005 NW 81 PL,494103-18-163-0,AABCO ROOFING INC,ROOF SHINGLE (NEW OR REROOF),CLOSED
99-00003879,8725 BANYAN CT,494104-32-028-0,AABCO ROOFING INC,ROOF SHINGLE (NEW OR REROOF),CLOSED
08-00004126,4526 NW 43 AVE,494113-03-024-0,AABCO ROOFING INC,ROOFING OR RE-ROOFING,CLOSED
09-00000089,8930 NW 62 ST,494108-11-040-0,AABCO ROOFING INC,ROOFING OR RE-ROOFING,CLOSED
09-00000138,4526 NW 43 AVE,494113-03-024-0,AABCO ROOFING INC,ROOFING OR RE-ROOFING,CLOSED
09-00001192,6951 NW 82 CT,494103-16-215-0,AABCO ROOFING INC,ROOFING OR RE-ROOFING,CLOSED
09-00001701,10602 NW 81 ST,494106-02-290-0,AABCO ROOFING INC,ROOFING OR RE-ROOFING,CLOSED
09-00003695,5797 N PLUM BAY PKWY,494108-21-023-0,AABCO ROOFING INC,ROOFING OR RE-ROOFING,CLOSED
10-00000469,6600 NW 93 AVE,494108-05-078-0,AABCO ROOFING INC,ROOFING OR RE-ROOFING,CLOSED
10-00001877,8710 NW 76 CT,494104-46-103-0,AABCO ROOFING INC,ROOFING OR RE-ROOFING,CLOSED
10-00002972,10405 NW 83 ST,494106-02-262-0,AABCO ROOFING INC,ROOFING OR RE-ROOFING,CLOSED
10-00004260,10212 NW 80 DR,494106-02-068-0,AABCO ROOFING INC,ROOFING OR RE-ROOFING,CLOSED
11-00000161,6000 NW 84 TER,EN0000-00-000-0,AABCO ROOFING INC,ROOFING OR RE-ROOFING,CLOSED
11-00002515,8302 NW 80 PL,494104-42-041-0,AABCO ROOFING INC,ROOFING OR RE-ROOFING,CLOSED
12-00000907,4909 HOLLY DR,494114-02-076-0,AABCO ROOFING INC,ROOFING OR RE-ROOFING,CLOSED
12-00001355,7803 NW 61 ST,494109-31-001-0,AABCO ROOFING INC,ROOFING OR RE-ROOFING,CLOSED
12-00001670,8419 NW 85 AVE,494104-47-053-0,AABCO ROOFING INC,ROOFING OR RE-ROOFING,CLOSED
12-00002040,8307 NW 80 ST,494104-42-038-0,AABCO ROOFING INC,ROOFING OR RE-ROOFING,CLOSED
12-00002383,7803 NW 61 ST,494109-31-001-0,AABCO ROOFING INC,ROOFING OR RE-ROOFING,CLOSED
13-00002357,8005 NW 75 AVE,494103-06-128-0,AABCO ROOFING INC,ROOFING OR RE-ROOFING,CLOSED
13-00003749,9601 NW 80 PL,494105-06-102-0,AABCO ROOFING INC,ROOFING OR RE-ROOFING,CLOSED
98-00001480,4929 NW 54 ST,494113-10-176-0,AABCO ROOFING INC.,ROOF SHINGLE (NEW OR REROOF),CLOSED
98-00001602,10100 NW 71 PL,494106-01-167-0,AABCO ROOFING INC.,ROOF SHINGLE (NEW OR REROOF),CLOSED
16-00000417,7182 WOODMONT WAY,494104-67-022-4,AANDJ ROOFING,ROOFING OR RE-ROOFING,CLOSED
17-00005249,8302 NW 74 AVE,494103-18-124-0,AASTRO ROOFING,ROOFING OR RE-ROOFING,CLOSED
19-00003122,5631 NW 58 WAY,494111-06-004-0,AASTRO ROOFING,ROOFING OR RE-ROOFING,CLOSED
19-00003122,5631 NW 58 WAY,494111-06-004-0,AASTRO ROOFING,ROOFING OR RE-ROOFING,CLOSED
19-00003702,5805 NW 83 TER,494109-02-041-0,AASTRO ROOFING,ROOFING OR RE-ROOFING,CLOSED
21-00000420,4603 NW 46 ST,494113-08-139-0,AASTRO ROOFING,ROOFING OR RE-ROOFING,IN PLAN CHECK
21-00000421,7115 WOODMONT WAY,494104-67-018-1,AASTRO ROOFING,ROOFING OR RE-ROOFING,CLOSED
21-00000482,4603 NW 46 ST,494113-08-139-0,AASTRO ROOFING,ROOFING OR RE-ROOFING,DUPLICATE
21-00000484,7115 WOODMONT WAY,494104-67-018-1,AASTRO ROOFING,ROOFING OR RE-ROOFING,DUPLICATE
21-00000630,5725 NW 85 TER,494109-03-165-0,AASTRO ROOFING,ROOFING OR RE-ROOFING,CLOSED
21-00001209,4208 NW 47 CT,494113-02-081-0,AASTRO ROOFING,ROOFING OR RE-ROOFING,CLOSED
21-00001334,7101 WOODMONT WAY,494104-67-017-1,AASTRO ROOFING,ROOFING OR RE-ROOFING,CLOSED
21-00003103,9306 NW 80 ST,494105-06-014-0,AASTRO ROOFING,ROOFING OR RE-ROOFING,CLOSED
21-00003195,9306 NW 80 ST,494105-06-014-0,AASTRO ROOFING,ROOFING OR RE-ROOFING,DUPLICATE
21-00003196,7107 NW 83 ST,494103-18-033-0,AASTRO ROOFING,ROOFING OR RE-ROOFING,CLOSED
21-00005259,7104 NW 93 AVE,494105-05-013-0,AASTRO ROOFING,ROOFING OR RE-ROOFING,CLOSED
22-00001815,5405 NW 28 AVE,494217-05-007-0,AASTRO ROOFING,ROOFING OR RE-ROOFING,APPROVED
22-00002174,7599 NW 74 AVE,494103-21-045-0,AASTRO ROOFING,ROOFING OR RE-ROOFING,APPROVED
23-00002885,9404 NW 74 PL,494105-03-305-0,AASTRO ROOFING,ROOFING OR RE-ROOFING,CLOSED
23-00005393,7616 NW 67 AVE,494103-05-038-0,AASTRO ROOFING,ROOFING OR RE-ROOFING,CLOSED
24-00000984,4705 NW 58 ST,494112-24-054-0,AASTRO ROOFING,ROOFING OR RE-ROOFING,CLOSED
24-00003849,9415 NW 83 ST,494105-09-038-0,AASTRO ROOFING,ROOFING OR RE-ROOFING,CLOSED
24-00004320,8106 NW 96 TER,494105-04-300-0,AASTRO ROOFING,ROOFING OR RE-ROOFING,CLOSED
25-00003820,8102 NW 101 AVE,494106-02-039-0,AASTRO ROOFING,ROOFING OR RE-ROOFING,CLOSED
25-00003820,8102 NW 101 AVE,494106-02-039-0,AASTRO ROOFING,ROOFING OR RE-ROOFING,CLOSED
25-00004329,4516 MONTEREY DR,494113-09-064-0,AASTRO ROOFING,ROOFING OR RE-ROOFING,APPROVED
22-00002019,8302 NW 57 CT,494109-02-194-0,ABBA ROOFING LLC,ROOFING OR RE-ROOFING,APPROVED
00-00000047,8018 NW 83 TER,494104-42-048-0,ABC ROOFING,ROOF SHINGLE (NEW OR REROOF),CLOSED
00-00000048,7601 BANYAN WAY,494104-32-056-0,ABC ROOFING,ROOF SHINGLE (NEW OR REROOF),CLOSED
00-00000473,6109 NW 73 TER,494110-04-406-0,ABC ROOFING,ROOF SHINGLE (NEW OR REROOF),CLOSED
00-00000474,5706 NW 65 TER,494110-02-219-0,ABC ROOFING,ROOF SHINGLE (NEW OR REROOF),CLOSED
00-00000475,8271 NW 68 AVE,494103-16-249-0,ABC ROOFING,ROOF SHINGLE (NEW OR REROOF),CLOSED
00-00000643,7004 NW 99 WAY,494105-03-077-0,ABC ROOFING,ROOF SHINGLE (NEW OR REROOF),CLOSED
00-00000828,8118 NW 71 AVE,494103-18-161-0,ABC ROOFING,ROOF SHINGLE (NEW OR REROOF),CLOSED
00-00000994,7520 NW 88 TER,494105-23-024-0,ABC ROOFING,ROOF SHINGLE (NEW OR REROOF),CLOSED
00-00001066,5708 NW 64 WAY,494110-02-254-0,ABC ROOFING,ROOF SHINGLE (NEW OR REROOF),CLOSED
00-00001552,8216 NW 80 ST,494104-42-011-0,ABC ROOFING,ROOF SHINGLE (NEW OR REROOF),CLOSED
00-00001818,5460 NW 57 ST,494111-08-055-0,ABC ROOFING,ROOF SHINGLE (NEW OR REROOF),CLOSED
00-00002224,8102 NW 73 AVE,494103-18-247-0,ABC ROOFING,ROOF SHINGLE (NEW OR REROOF),CLOSED
00-00002707,8165 NW 66 TER,494103-16-003-0,ABC ROOFING,ROOF SHINGLE (NEW OR REROOF),CLOSED
00-00002798,5810 NW 83 AVE,494109-02-109-0,ABC ROOFING,ROOF SHINGLE (NEW OR REROOF),CLOSED
00-00003103,8012 NW 102 WAY,494106-02-092-0,ABC ROOFING,ROOF SHINGLE (NEW OR REROOF),CLOSED
00-00003118,8117 NW 70 AVE,494103-18-158-0,ABC ROOFING,ROOF SHINGLE (NEW OR REROOF),CLOSED
00-00003304,7608 BANYAN WAY,494104-32-006-0,ABC ROOFING,ROOF SHINGLE (NEW OR REROOF),CLOSED
00-00003305,4602 NORFOLK ISLAND PINE DR,494114-10-115-0,ABC ROOFING,ROOF SHINGLE (NEW OR REROOF),CLOSED
00-00003871,8500 NW 79 ST,494104-46-053-0,ABC ROOFING,ROOF SHINGLE (NEW OR REROOF),CLOSED
01-00000142,5448 NW 57 ST,494111-08-057-0,ABC ROOFING,ROOF SHINGLE (NEW OR REROOF),CLOSED
01-00000434,8188 NW 66 TER,494103-16-118-0,ABC ROOFING,ROOF SHINGLE (NEW OR REROOF),CLOSED
01-00002116,7035 NW 101 AVE,494106-01-234-0,ABC ROOFING,ROOF SHINGLE (NEW OR REROOF),CLOSED
01-00002501,9101 NW 57 ST,494108-03-020-0,ABC ROOFING,"ADDITIONS/ALTERATION/IMP, COMMERCIAL",CLOSED
01-00002626,5720 NW 64 WAY,494110-02-248-0,ABC ROOFING,ROOF SHINGLE (NEW OR REROOF),CLOSED
01-00003107,7540 BANYAN WAY,494104-32-005-0,ABC ROOFING,ROOF SHINGLE (NEW OR REROOF),CLOSED
01-00003160,7916 NW 83 ST,494104-49-027-0,ABC ROOFING,ROOF SHINGLE (NEW OR REROOF),CLOSED
01-00003161,8810 NW 80 DR,494105-10-004-0,ABC ROOFING,ROOF SHINGLE (NEW OR REROOF),CLOSED
01-00003917,10540 NW 71 PL,494106-01-136-0,ABC ROOFING,ROOF SHINGLE (NEW OR REROOF),CLOSED
01-00003918,7004 NW 81 CT,494103-18-169-0,ABC ROOFING,ROOF SHINGLE (NEW OR REROOF),CLOSED
01-00003919,7301 CORKWOOD TER,494104-35-016-0,ABC ROOFING,ROOF SHINGLE (NEW OR REROOF),CLOSED
01-00004123,8418 NW 59 ST,494109-05-216-0,ABC ROOFING,ROOF SHINGLE (NEW OR REROOF),CLOSED
01-00004338,7104 NW 75 ST,494103-04-079-0,ABC ROOFING,ROOF SHINGLE (NEW OR REROOF),CLOSED
02-00000364,9206 NW 83 ST,494105-04-056-0,ABC ROOFING,ROOF SHINGLE (NEW OR REROOF),CLOSED
02-00000764,8845 NW 76 CT,494105-23-069-0,ABC ROOFING,ROOF SHINGLE (NEW OR REROOF),CLOSED
02-00000859,7908 NW 83 ST,494104-49-025-0,ABC ROOFING,ROOF SHINGLE (NEW OR REROOF),CLOSED
02-00000897,7820 N UNIVERSITY DR,494103-AC-000-0,ABC ROOFING,"COMMERCIAL, OFFICES / BANKS / PROF SERV",CLOSED
02-00000955,5009 SAGO PALM CIR,494114-02-090-0,ABC ROOFING,ROOF SHINGLE (NEW OR REROOF),CLOSED
02-00001202,2705 NW 52 ST,494217-02-054-0,ABC ROOFING,ROOF SHINGLE (NEW OR REROOF),CLOSED
02-00001339,7340 NW 83 AVE,494104-44-025-0,ABC ROOFING,ROOF SHINGLE (NEW OR REROOF),CLOSED
02-00001388,5472 NW 57 ST,494111-08-053-0,ABC ROOFING,ROOF SHINGLE (NEW OR REROOF),CLOSED
02-00001539,9700 NW 67 ST,494108-05-157-0,ABC ROOFING,ROOF SHINGLE (NEW OR REROOF),CLOSED
02-00002133,6705 NW 71 CT,494103-03-165-0,ABC ROOFING,ROOF SHINGLE (NEW OR REROOF),CLOSED
02-00002179,7135 NW 102 AVE,494106-01-290-0,ABC ROOFING,ROOF SHINGLE (NEW OR REROOF),CLOSED
02-00002220,8415 NW 59 PL,494109-05-171-0,ABC ROOFING,ROOF SHINGLE (NEW OR REROOF),CLOSED
02-00002300,6109 WHITE OAK LN,494114-03-020-0,ABC ROOFING,ROOF SHINGLE (NEW OR REROOF),CLOSED
02-00002301,4612 NW 48 ST,494113-04-077-0,ABC ROOFING,ROOF SHINGLE (NEW OR REROOF),CLOSED
02-00002342,7005 NW 93 AVE,494105-05-068-0,ABC ROOFING,ROOF SHINGLE (NEW OR REROOF),CLOSED
02-00002496,8108 NW 96 AVE,494105-04-264-0,ABC ROOFING,ROOF SHINGLE (NEW OR REROOF),CLOSED
02-00002570,8422 NW 59 ST,494109-05-214-0,ABC ROOFING,ROOF SHINGLE (NEW OR REROOF),CLOSED
02-00003053,7433 NW 75 ST,494103-21-068-0,ABC ROOFING,ROOF SHINGLE (NEW OR REROOF),CLOSED
02-00003293,7103 NW 71 ST,494103-03-340-0,ABC ROOFING,ROOF SHINGLE (NEW OR REROOF),CLOSED
02-00003457,9503 NW 81 CT,494105-04-270-0,ABC ROOFING,ROOF SHINGLE (NEW OR REROOF),CLOSED
03-00000012,8815 NW 76 ST,494105-23-032-0,ABC ROOFING,ROOF SHINGLE (NEW OR REROOF),CLOSED
03-00000234,7875 W COMMERCIAL BLVD,494109-36-001-0,ABC ROOFING,"ADDITIONS/ALTERATION/IMP, COMMERCIAL",CERTIFICATE ISSUED
03-00000234,7875 W COMMERCIAL BLVD,494109-36-001-0,ABC ROOFING,"ADDITIONS/ALTERATION/IMP, COMMERCIAL",CERTIFICATE ISSUED
03-00000464,8874 NW 76 DR,494105-23-080-0,ABC ROOFING,ROOF SHINGLE (NEW OR REROOF),CLOSED
03-00000465,6300 WHITE OAK LN,494114-03-067-0,ABC ROOFING,ROOF SHINGLE (NEW OR REROOF),CLOSED
03-00000466,7104 NW 72 ST,494103-03-336-0,ABC ROOFING,ROOF SHINGLE (NEW OR REROOF),CLOSED
03-00000518,5804 NW 84 TER,494109-02-246-0,ABC ROOFING,ROOF SHINGLE (NEW OR REROOF),CLOSED
03-00000782,7413 CORKWOOD TER,494104-35-005-0,ABC ROOFING,ROOF SHINGLE (NEW OR REROOF),CLOSED
03-00001465,7633 NW 88 WAY,494105-23-096-0,ABC ROOFING,ROOF SHINGLE (NEW OR REROOF),CLOSED
03-00001810,5907 NW 69 AVE,494110-04-220-0,ABC ROOFING,ROOF SHINGLE (NEW OR REROOF),CLOSED
03-00001903,6603 NW 93 AVE,494108-05-035-0,ABC ROOFING,ROOF SHINGLE (NEW OR REROOF),CLOSED
03-00002519,7100 NW 81 ST,494103-18-179-0,ABC ROOFING,ROOF SHINGLE (NEW OR REROOF),CLOSED
03-00003080,7501 BLACK OLIVE WAY,494104-34-001-0,ABC ROOFING,ROOF SHINGLE (NEW OR REROOF),CLOSED
03-00004263,9408 NW 74 PL,494105-03-303-0,ABC ROOFING,ROOF SHINGLE (NEW OR REROOF),CLOSED
04-00000108,7178 NW 80 WAY,494104-41-026-0,ABC ROOFING,ROOF SHINGLE (NEW OR REROOF),CLOSED
04-00000615,7101 NW 71 ST,494103-03-339-0,ABC ROOFING,ROOF SHINGLE (NEW OR REROOF),CLOSED
04-00001431,7507 NW 70 TER,494103-04-051-0,ABC ROOFING,ROOF SHINGLE (NEW OR REROOF),CLOSED
04-00001720,8018 NW 101 AVE,494106-02-074-0,ABC ROOFING,ROOF SHINGLE (NEW OR REROOF),CLOSED
04-00002687,8107 NW 104 AVE,494106-02-215-0,ABC ROOFING,ROOF SHINGLE (NEW OR REROOF),CLOSED
04-00003124,8251 NW 66 TER,494103-16-267-0,ABC ROOFING,ROOF SHINGLE (NEW OR REROOF),CLOSED
04-00003366,7402 CORKWOOD CIR,494104-35-023-0,ABC ROOFING,ROOF SHINGLE (NEW OR REROOF),CLOSED
04-00003690,7640 NW 87 AVE,494104-46-093-0,ABC ROOFING,ROOF SHINGLE (NEW OR REROOF),CLOSED
04-00004093,7824 NW 83 ST,494104-49-020-0,ABC ROOFING,ROOF SHINGLE (NEW OR REROOF),CLOSED
04-00004264,7642 NW 88 WAY,494105-23-072-0,ABC ROOFING,ROOF SHINGLE (NEW OR REROOF),CLOSED
04-00004265,7025 NW 101 AVE,494106-01-233-0,ABC ROOFING,ROOF SHINGLE (NEW OR REROOF),CLOSED
04-00004266,8240 NW 67 AVE,494103-16-257-0,ABC ROOFING,ROOF SHINGLE (NEW OR REROOF),CLOSED
04-00004360,9205 NW 70 PL,494105-05-006-0,ABC ROOFING,ROOF SHINGLE (NEW OR REROOF),CLOSED
05-00000944,8816 NW 76 ST,494105-23-027-0,ABC ROOFING,ROOF SHINGLE (NEW OR REROOF),CLOSED
05-00001228,5115 NW 50 AVE,494113-07-005-0,ABC ROOFING,ROOF SHINGLE (NEW OR REROOF),CLOSED
05-00001229,9211 NW 82 CT,494105-04-071-0,ABC ROOFING,ROOF SHINGLE (NEW OR REROOF),CLOSED
05-00001230,8513 NW 59 CT,494109-05-246-0,ABC ROOFING,ROOF SHINGLE (NEW OR REROOF),CLOSED
05-00001709,7036 NW 100 TER,494106-01-187-0,ABC ROOFING,ROOF SHINGLE (NEW OR REROOF),CLOSED
05-00001792,7924 NW 83 ST,494104-49-029-0,ABC ROOFING,"ALTERATIONS, RESIDENTIAL",VOID
05-00001810,7581 BLACK OLIVE WAY,494104-34-009-0,ABC ROOFING,ROOF SHINGLE (NEW OR REROOF),VOID
05-00001842,7116 NW 72 ST,494103-03-330-0,ABC ROOFING,ROOF SHINGLE (NEW OR REROOF),CLOSED
05-00001905,5810 NW 83 AVE,494109-02-109-0,ABC ROOFING,ROOF SHINGLE (NEW OR REROOF),CLOSED
05-00001996,5001 NW 49 RD,494113-07-218-0,ABC ROOFING,ROOF SHINGLE (NEW OR REROOF),CLOSED
05-00002087,8830 NW 75 CT,494105-23-007-0,ABC ROOFING,ROOF SHINGLE (NEW OR REROOF),CLOSED
05-00002702,8306 NW 80 PL,494104-42-042-0,ABC ROOFING,ROOF SHINGLE (NEW OR REROOF),CLOSED
05-00002809,7004 NW 74 PL,494103-04-003-0,ABC ROOFING,ROOF SHINGLE (NEW OR REROOF),CLOSED
05-00002810,6702 NW 74 PL,494103-04-135-0,ABC ROOFING,ROOF SHINGLE (NEW OR REROOF),CLOSED
05-00002811,6706 NW 71 CT,494103-03-130-0,ABC ROOFING,ROOF SHINGLE (NEW OR REROOF),CLOSED
05-00002996,4924 NW 49 RD,494113-07-166-0,ABC ROOFING,ROOF SHINGLE (NEW OR REROOF),CLOSED
05-00003830,6700 NW 57 DR,494110-02-148-0,ABC ROOFING,ROOF SHINGLE (NEW OR REROOF),CLOSED
05-00003992,8320 BLACK OLIVE DR,494104-34-025-0,ABC ROOFING,ROOF SHINGLE (NEW OR REROOF),CLOSED
05-00004197,6606 NW 75 ST,494103-04-158-0,ABC ROOFING,ROOF SHINGLE (NEW OR REROOF),CLOSED
05-00005094,8627 NW 83 ST,494104-47-041-0,ABC ROOFING,ROOF TILE (NEW OR REROOF),CLOSED
05-00005095,8530 NW 83 ST,494104-47-057-0,ABC ROOFING,ROOF TILE (NEW OR REROOF),CLOSED
05-00005135,7203 NW 92 AVE,494105-05-136-0,ABC ROOFING,ROOF SHINGLE (NEW OR REROOF),CLOSED
05-00005136,7804 NW 74 TER,494103-06-091-0,ABC ROOFING,ROOF SHINGLE (NEW OR REROOF),CLOSED
05-00005338,5723 NW 65 WAY,494110-02-192-0,ABC ROOFING,ROOF FLAT (NEW OR REROOF),CLOSED
05-00005339,4906 NW 49 RD,494113-07-175-0,ABC ROOFING,ROOF FLAT (NEW OR REROOF),CLOSED
05-00005518,9416 NW 72 CT,494105-03-227-0,ABC ROOFING,ROOF FLAT (NEW OR REROOF),CLOSED
05-00005519,6801 NW 74 PL,494103-04-254-0,ABC ROOFING,ROOF FLAT (NEW OR REROOF),CLOSED
05-00005520,8533 NW 83 ST,494104-47-046-0,ABC ROOFING,ROOF TILE (NEW OR REROOF),CLOSED
05-00005521,7308 NW 81 ST,494103-19-010-0,ABC ROOFING,ROOF TILE (NEW OR REROOF),VOID
05-00005719,8301 NW 98 AVE,494105-09-002-0,ABC ROOFING,ROOF FLAT (NEW OR REROOF),CLOSED
05-00005720,7135 NW 102 AVE,494106-01-290-0,ABC ROOFING,ROOF FLAT (NEW OR REROOF),CLOSED
05-00005721,7925 NW 85 AVE,494104-46-022-0,ABC ROOFING,ROOF TILE (NEW OR REROOF),CLOSED
05-00005903,7924 NW 83 ST,494104-49-029-0,ABC ROOFING,ROOF TILE (NEW OR REROOF),CLOSED
06-00000147,8350 NW 73 ST,494104-44-015-0,ABC ROOFING,ROOF TILE (NEW OR REROOF),CLOSED
06-00000148,8724 NW 83 ST,494104-47-032-0,ABC ROOFING,ROOF TILE (NEW OR REROOF),CLOSED
06-00000912,10601 NW 71 CT,494106-01-011-0,ABC ROOFING,ROOF TILE (NEW OR REROOF),CLOSED
06-00000997,7902 NW 86 TER,494104-46-031-0,ABC ROOFING,ROOF TILE (NEW OR REROOF),CLOSED
06-00000998,7701 NW 86 WAY,494104-46-070-0,ABC ROOFING,ROOF TILE (NEW OR REROOF),CLOSED
06-00001235,7310 NW 83 AVE,494104-44-022-0,ABC ROOFING,ROOF TILE (NEW OR REROOF),CLOSED
06-00001326,6351 NW 89 AVE,494108-11-044-0,ABC ROOFING,ROOF SHINGLE (NEW OR REROOF),CLOSED
06-00001327,6809 NW 80 CT,494103-10-025-0,ABC ROOFING,ROOF FLAT (NEW OR REROOF),CLOSED
98-00000849,8215 NW 85 AVE,494104-47-069-0,ABC ROOFING,ROOF SHINGLE (NEW OR REROOF),CLOSED
98-00000988,6607 NW 71 CT,494103-03-160-0,ABC ROOFING,ROOF SHINGLE (NEW OR REROOF),CLOSED
98-00001405,8261 NW 68 TER,494103-16-163-0,ABC ROOFING,ROOF SHINGLE (NEW OR REROOF),CLOSED
98-00001603,8505 NW 57 CT,494109-03-046-0,ABC ROOFING,ROOF SHINGLE (NEW OR REROOF),CLOSED
98-00002152,9607 NW 67 CT,494108-05-103-0,ABC ROOFING,ROOF SHINGLE (NEW OR REROOF),CLOSED
98-00002153,7018 NW 64 ST,494110-05-029-0,ABC ROOFING,ROOF SHINGLE (NEW OR REROOF),CLOSED
98-00002487,4300 MAINLAND DR,494113-02-106-0,ABC ROOFING,ROOF SHINGLE (NEW OR REROOF),CLOSED
98-00002991,8203 NW 91 TER,494105-04-117-0,ABC ROOFING,ROOF SHINGLE (NEW OR REROOF),CLOSED
98-00003206,6002 NW 69 AVE,494110-04-244-0,ABC ROOFING,ROOF SHINGLE (NEW OR REROOF),CLOSED
98-00003318,7202 NW 94 WAY,494105-03-204-0,ABC ROOFING,ROOF SHINGLE (NEW OR REROOF),CLOSED
98-00003319,5502 NW 49 AVE,494113-10-048-0,ABC ROOFING,ROOF SHINGLE (NEW OR REROOF),CLOSED
98-00003422,4401 KING PALM DR,494114-09-072-0,ABC ROOFING,ROOF SHINGLE (NEW OR REROOF),CLOSED
98-00003666,7104 NW 72 ST,494103-03-336-0,ABC ROOFING,ROOF SHINGLE (NEW OR REROOF),CLOSED
98-00004067,5109 NW 50 AVE,494113-07-089-0,ABC ROOFING,ROOF SHINGLE (NEW OR REROOF),CLOSED
98-00004383,6902 NW 70 ST,494103-03-071-0,ABC ROOFING,ROOF SHINGLE (NEW OR REROOF),CLOSED
99-00000130,5913 NW 87 AVE,494109-05-191-0,ABC ROOFING,ROOF SHINGLE (NEW OR REROOF),CLOSED
99-00000518,8019 NW 95 LN,494105-06-095-0,ABC ROOFING,ROOF SHINGLE (NEW OR REROOF),CLOSED
99-00000690,7014 NW 99 AVE,494105-03-033-0,ABC ROOFING,ROOF SHINGLE (NEW OR REROOF),VOID
99-00000844,8102 NW 73 AVE,494103-18-247-0,ABC ROOFING,ROOF SHINGLE (NEW OR REROOF),VOID
99-00001149,8260 NW 98 AVE,494105-09-085-0,ABC ROOFING,ROOF SHINGLE (NEW OR REROOF),CLOSED
99-00001333,8137 PINE CIR,494104-AC-055-0,ABC ROOFING,ROOF SHINGLE (NEW OR REROOF),CLOSED
99-00001514,8020 NW 83 AVE,494104-42-002-0,ABC ROOFING,ROOF SHINGLE (NEW OR REROOF),CLOSED
99-00001709,9604 NW 66 ST,494108-05-207-0,ABC ROOFING,ROOF SHINGLE (NEW OR REROOF),CLOSED
99-00001937,8215 NW 80 ST,494104-42-003-0,ABC ROOFING,ROOF SHINGLE (NEW OR REROOF),CLOSED
99-00002140,8013 NW 103 AVE,494106-02-194-0,ABC ROOFING,ROOF SHINGLE (NEW OR REROOF),CLOSED
99-00002246,8016 NW 83 ST,494104-49-036-0,ABC ROOFING,ROOF SHINGLE (NEW OR REROOF),CLOSED
99-00002580,4962 NW 48 AVE,494113-11-107-0,ABC ROOFING,ROOF SHINGLE (NEW OR REROOF),CLOSED
99-00002581,7007 NW 101 AVE,494106-01-230-0,ABC ROOFING,ROOF SHINGLE (NEW OR REROOF),CLOSED
99-00002607,6704 NW 73 ST,494103-03-175-0,ABC ROOFING,ROOF SHINGLE (NEW OR REROOF),CLOSED
99-00003182,8008 NW 83 ST,494104-49-034-0,ABC ROOFING,ROOF SHINGLE (NEW OR REROOF),CLOSED
99-00003730,8221 CASSIA TER,494104-31-004-0,ABC ROOFING,ROOF SHINGLE (NEW OR REROOF),CLOSED
99-00003745,6820 NW 70 AVE,494110-05-291-0,ABC ROOFING,ROOF SHINGLE (NEW OR REROOF),CLOSED
99-00003746,8115 NW 71 AVE,494103-18-187-0,ABC ROOFING,ROOF SHINGLE (NEW OR REROOF),CLOSED
99-00003805,8012 NW 83 TER,494104-42-049-0,ABC ROOFING,ROOF SHINGLE (NEW OR REROOF),CLOSED
99-00003806,7019 NW 101 AVE,494106-01-232-0,ABC ROOFING,ROOF SHINGLE (NEW OR REROOF),CLOSED
99-00003807,8538 NW 77 ST,494104-46-087-0,ABC ROOFING,ROOF SHINGLE (NEW OR REROOF),CLOSED
99-00003819,8110 NW 92 AVE,494105-04-112-0,ABC ROOFING,ROOF SHINGLE (NEW OR REROOF),CLOSED
15-00002239,8235 NW 94 AVE,494105-09-050-0,ABC ROOFING,ROOFING OR RE-ROOFING,CLOSED
15-00004862,8109 NW 72 AVE,494103-18-239-0,ABC ROOFING,ROOFING OR RE-ROOFING,CLOSED
15-00004901,9893 N GRAND DUKE CIR,494108-21-050-0,ABC ROOFING,ROOFING OR RE-ROOFING,CLOSED
15-00005269,4705 HOLLY DR,494114-02-061-0,ABC ROOFING,ROOFING OR RE-ROOFING,CLOSED
15-00005271,6007 NW 69 AVE,494110-04-214-0,ABC ROOFING,ROOFING OR RE-ROOFING,CLOSED
15-00005272,5123 WHITE OAK LN,494114-04-012-0,ABC ROOFING,ROOFING OR RE-ROOFING,CLOSED
15-00005409,7100 NW 107 AVE,494106-01-090-0,ABC ROOFING,ROOFING OR RE-ROOFING,CLOSED
16-00000093,5210 NW 49 AVE,494113-07-012-0,ABC ROOFING,ROOFING OR RE-ROOFING,CLOSED
16-00000438,8107 NW 59 CT,494109-05-079-0,ABC ROOFING,ROOFING OR RE-ROOFING,CLOSED
16-00000983,8718 NW 76 CT,494104-46-104-0,ABC ROOFING,ROOFING OR RE-ROOFING,CLOSED
16-00001420,7701 GRANVILLE DR,494106-12-002-0,ABC ROOFING,ROOFING OR RE-ROOFING,CLOSED
16-00001857,9105 NW 83 ST,494105-04-141-0,ABC ROOFING,ROOFING OR RE-ROOFING,CLOSED
16-00002054,8230 NW 95 AVE,494105-09-045-0,ABC ROOFING,ROOFING OR RE-ROOFING,CLOSED
16-00002055,7729 BANYAN WAY,494104-32-052-0,ABC ROOFING,ROOFING OR RE-ROOFING,CLOSED
16-00002281,4905 NW 57 ST,494112-24-175-0,ABC ROOFING,ROOFING OR RE-ROOFING,CLOSED
16-00002634,6040 NW 55 LN,494111-14-163-0,ABC ROOFING,ROOFING OR RE-ROOFING,CLOSED
16-00002636,5401 NW 61 PL,494111-14-161-0,ABC ROOFING,ROOFING OR RE-ROOFING,CLOSED
16-00002637,5205 NW 28 AVE,494217-02-141-0,ABC ROOFING,ROOFING OR RE-ROOFING,CLOSED
16-00003869,5726 NW 85 AVE,494109-03-005-0,ABC ROOFING,ROOFING OR RE-ROOFING,CLOSED
16-00003923,2718 NW 52 CT,494217-02-057-0,ABC ROOFING,ROOFING OR RE-ROOFING,CLOSED
16-00004297,7891 NW 90 AVE,494105-10-028-0,ABC ROOFING,ROOFING OR RE-ROOFING,CLOSED
16-00004543,8114 NW 91 AVE,494105-04-152-0,ABC ROOFING,ROOFING OR RE-ROOFING,CLOSED
16-00004748,8020 NW 100 TER,494106-02-020-0,ABC ROOFING,ROOFING OR RE-ROOFING,CLOSED
16-00004831,4712 NW 44 ST,494113-09-005-0,ABC ROOFING,ROOFING OR RE-ROOFING,CLOSED
16-00004832,5820 N PLUM BAY PKWY,494108-21-146-0,ABC ROOFING,ROOFING OR RE-ROOFING,CLOSED
16-00004833,8013 NW 72 ST,494104-41-004-0,ABC ROOFING,ROOFING OR RE-ROOFING,CLOSED
16-00005203,7316 NW 58 ST,494110-03-129-0,ABC ROOFING,ROOFING OR RE-ROOFING,CLOSED
17-00000518,8109 NW 75 AVE,494103-19-076-0,ABC ROOFING,ROOFING OR RE-ROOFING,CLOSED
17-00002057,5740 S PLUM BAY PKWY,494108-21-011-0,ABC ROOFING,ROOFING OR RE-ROOFING,CLOSED
17-00002381,5203 NW 28 AVE,494217-02-142-0,ABC ROOFING,ROOFING OR RE-ROOFING,CLOSED
17-00002670,4902 NW 27 TER,494217-04-197-0,ABC ROOFING,ROOFING OR RE-ROOFING,CLOSED
17-00003035,8030 BUTTONWOOD CIR,494104-29-038-0,ABC ROOFING,ROOFING OR RE-ROOFING,CLOSED
17-00003036,8041 PALMETTO PALM CIR,494104-AA-049-0,ABC ROOFING,ROOFING OR RE-ROOFING,CLOSED
17-00003214,8212 NW 74 TER,494103-18-085-0,ABC ROOFING,ROOFING OR RE-ROOFING,CLOSED
17-00003804,7311 NW 62 ST,494110-04-367-0,ABC ROOFING,ROOFING OR RE-ROOFING,CLOSED
17-00003805,4914 NW 58 ST,494112-24-007-0,ABC ROOFING,ROOFING OR RE-ROOFING,CLOSED
17-00004093,9706 NW 67 ST,494108-05-154-0,ABC ROOFING,ROOFING OR RE-ROOFING,CLOSED
17-00005151,6906 NW 76 DR,494103-05-103-0,ABC ROOFING,ROOFING OR RE-ROOFING,CLOSED
17-00005555,8204 NW 92 AVE,494105-04-107-0,ABC ROOFING,ROOFING OR RE-ROOFING,CLOSED
17-00005556,5721 NW 87 TER,494109-07-014-0,ABC ROOFING,ROOFING OR RE-ROOFING,CLOSED
18-00000651,9507 NW 74 CT,494105-03-132-0,ABC ROOFING,ROOFING OR RE-ROOFING,CLOSED
18-00000652,7211 NW 76 PL,494103-05-211-0,ABC ROOFING,ROOFING OR RE-ROOFING,CLOSED
18-00000874,7137 WOODMONT WAY,494104-67-019-4,ABC ROOFING,ROOFING OR RE-ROOFING,CLOSED
18-00001084,8030 NW 83 AVE,494104-42-001-0,ABC ROOFING,ROOFING OR RE-ROOFING,CLOSED
18-00001910,10502 NW 80 CT,494106-02-227-0,ABC ROOFING,ROOFING OR RE-ROOFING,CLOSED
18-00001912,8012 NW 83 TER,494104-42-049-0,ABC ROOFING,ROOFING OR RE-ROOFING,CLOSED
18-00002908,9603 NW 72 ST,494105-03-243-0,ABC ROOFING,ROOFING OR RE-ROOFING,CLOSED
18-00002909,7119 NW 107 AVE,494106-01-046-0,ABC ROOFING,ROOFING OR RE-ROOFING,CLOSED
18-00003865,9609 NW 67 ST,494108-05-147-0,ABC ROOFING,ROOFING OR RE-ROOFING,APPROVED
18-00004230,9610 NW 83 ST,494105-09-062-0,ABC ROOFING,ROOFING OR RE-ROOFING,CLOSED
18-00004239,9501 NW 73 ST,494105-03-266-0,ABC ROOFING,ROOFING OR RE-ROOFING,CLOSED
18-00004842,5707 NW 68 TER,494110-02-110-0,ABC ROOFING,ROOFING OR RE-ROOFING,CLOSED
06-00001414,10730 NW 70 ST,494106-01-032-0,ABC ROOFING CORP,ROOF TILE (NEW OR REROOF),CLOSED
06-00002074,8413 NW 59 ST,494109-05-170-0,ABC ROOFING CORP,ROOF TILE (NEW OR REROOF),CLOSED
06-00002079,7825 NW 83 ST,494104-49-018-0,ABC ROOFING CORP,ROOF TILE (NEW OR REROOF),CLOSED
06-00002436,6340 NW 89 AVE,494108-11-005-0,ABC ROOFING CORP,ROOF SHINGLE (NEW OR REROOF),CLOSED
06-00002522,7030 NW 101 AVE,494106-01-259-0,ABC ROOFING CORP,ROOF TILE (NEW OR REROOF),CLOSED
06-00002686,7670 NW 88 LN,494105-23-084-0,ABC ROOFING CORP,ROOF SHINGLE (NEW OR REROOF),CLOSED
06-00003350,7581 BLACK OLIVE WAY,494104-34-009-0,ABC ROOFING CORP,ROOF TILE (NEW OR REROOF),CLOSED
06-00003723,8900 NW 79 CT,494105-10-050-0,ABC ROOFING CORP,ROOF TILE (NEW OR REROOF),CLOSED
06-00003724,7915 NW 85 TER,494104-46-028-0,ABC ROOFING CORP,ROOF TILE (NEW OR REROOF),CLOSED
06-00004100,8333 NW 73 ST,494104-44-041-0,ABC ROOFING CORP,ROOF TILE (NEW OR REROOF),CLOSED
06-00004388,7820 BANYAN TER,494104-32-017-0,ABC ROOFING CORP,ROOF TILE (NEW OR REROOF),CLOSED
06-00004389,10319 NW 70 CT,494106-01-101-0,ABC ROOFING CORP,ROOF TILE (NEW OR REROOF),CLOSED
06-00004700,3818 NW 49 ST,494218-03-031-0,ABC ROOFING CORP,"ADDITIONS/ALTERATION/IMP, COMMERCIAL",CLOSED
06-00005684,8201 WATERFORD AVE,494104-55-001-0,ABC ROOFING CORP,ROOF TILE (NEW OR REROOF),CLOSED
06-00005685,8461 WATERFORD CIR,494104-55-001-0,ABC ROOFING CORP,ROOF TILE (NEW OR REROOF),CLOSED
06-00005686,8403 WATERFORD CIR,494104-55-001-0,ABC ROOFING CORP,ROOF TILE (NEW OR REROOF),CLOSED
06-00005687,8443 WATERFORD CIR,494104-55-001-0,ABC ROOFING CORP,ROOF TILE (NEW OR REROOF),CLOSED
06-00005688,8421 WATERFORD CIR,494104-55-001-0,ABC ROOFING CORP,ROOF TILE (NEW OR REROOF),CLOSED
06-00005689,8371 WATERFORD CIR,494104-55-001-0,ABC ROOFING CORP,ROOF TILE (NEW OR REROOF),CLOSED
06-00005690,8359 WATERFORD CIR,494104-55-001-0,ABC ROOFING CORP,ROOF TILE (NEW OR REROOF),CLOSED
06-00005691,8351 WATERFORD AVE,494104-55-001-0,ABC ROOFING CORP,ROOF TILE (NEW OR REROOF),CLOSED
06-00005692,8359 WATERFORD CIR,494104-55-040-0,ABC ROOFING CORP,ROOF TILE (NEW OR REROOF),CLOSED
06-00005693,8470 WATERFORD AVE,494104-55-001-0,ABC ROOFING CORP,ROOF TILE (NEW OR REROOF),CLOSED
06-00005694,8350 WATERFORD AVE,494104-55-001-0,ABC ROOFING CORP,ROOF TILE (NEW OR REROOF),CLOSED
06-00005695,8238 WATERFORD AVE,494104-55-001-0,ABC ROOFING CORP,ROOF TILE (NEW OR REROOF),CLOSED
06-00005696,8220 WATERFORD LN,494104-55-001-0,ABC ROOFING CORP,ROOF TILE (NEW OR REROOF),CLOSED
06-00005697,8200 WATERFORD LN,494104-55-001-0,ABC ROOFING CORP,ROOF TILE (NEW OR REROOF),CLOSED
06-00005706,7912 NW 83 ST,494104-49-026-0,ABC ROOFING CORP,ROOF TILE (NEW OR REROOF),CLOSED
06-00005851,8630 BANYAN PL,494104-32-041-0,ABC ROOFING CORP,ROOF TILE (NEW OR REROOF),CLOSED
06-00006596,4922 NW 48 AVE,494113-06-006-0,ABC ROOFING CORP,ROOF FLAT (NEW OR REROOF),CLOSED
06-00008133,8108 NW 72 AVE,494103-18-200-0,ABC ROOFING CORP,ROOF SHINGLE (NEW OR REROOF),CLOSED
06-00008134,7915 NW 85 AVE,494104-46-023-0,ABC ROOFING CORP,ROOF TILE (NEW OR REROOF),CLOSED
06-00008135,8097 ROYAL PALM CIR,494104-AA-066-0,ABC ROOFING CORP,ROOF SHINGLE (NEW OR REROOF),CLOSED
07-00002735,7100 NW 81 ST,494103-18-179-0,ABC ROOFING CORP,ROOF FLAT (NEW OR REROOF),CLOSED
07-00003020,7202 NW 93 AVE,494105-05-120-0,ABC ROOFING CORP,ROOF FLAT (NEW OR REROOF),CLOSED
07-00003412,4922 NW 48 AVE,494113-06-006-0,ABC ROOFING CORP,ROOF SHINGLE (NEW OR REROOF),CLOSED
07-00004985,7658 NW 88 WAY,494105-23-064-0,ABC ROOFING CORP,ROOF SHINGLE (NEW OR REROOF),CLOSED
07-00005167,7332 NW 83 WAY,494104-44-037-0,ABC ROOFING CORP,ROOF TILE (NEW OR REROOF),CLOSED
08-00000267,7113 NW 107 AVE,494106-01-047-0,ABC ROOFING CORP,ROOF TILE (NEW OR REROOF),CLOSED
08-00002069,8630 NW 83 ST,494104-47-026-0,ABC ROOFING CORP,ROOFING OR RE-ROOFING,CLOSED
08-00003188,7000 NW 106 AVE,494106-01-115-0,ABC ROOFING CORP,ROOFING OR RE-ROOFING,CLOSED
08-00003963,7010 NW 81 ST,494103-18-178-0,ABC ROOFING CORP,ROOFING OR RE-ROOFING,CLOSED
09-00001683,8117 NW 100 TER,494106-02-054-0,ABC ROOFING CORP,ROOFING OR RE-ROOFING,CLOSED
09-00002020,8108 NW 66 TER,494103-16-108-0,ABC ROOFING CORP,ROOFING OR RE-ROOFING,CLOSED
09-00002108,8221 PINE DR,494104-AC-061-0,ABC ROOFING CORP,ROOFING OR RE-ROOFING,CLOSED
09-00002477,9304 NW 80 ST,494105-06-013-0,ABC ROOFING CORP,ROOFING OR RE-ROOFING,CLOSED
09-00002498,5506 BLUEJACK OAK CIR,494114-03-039-0,ABC ROOFING CORP,ROOFING OR RE-ROOFING,CLOSED
09-00003338,7051 NW 108 AVE,494106-01-024-0,ABC ROOFING CORP,ROOFING OR RE-ROOFING,CLOSED
09-00003496,7203 NW 93 AVE,494105-05-020-0,ABC ROOFING CORP,ROOFING OR RE-ROOFING,CLOSED
10-00000137,8204 NW 93 AVE,494105-04-075-0,ABC ROOFING CORP,ROOFING OR RE-ROOFING,CLOSED
10-00000198,5705 SWORDFISH CIR,494111-09-018-0,ABC ROOFING CORP,ROOFING OR RE-ROOFING,CLOSED
10-00001365,8072 PRINCESS PALM CIR,494104-AA-029-0,ABC ROOFING CORP,ROOFING OR RE-ROOFING,CLOSED
10-00001366,6701 NW 61 ST,494110-04-134-0,ABC ROOFING CORP,ROOFING OR RE-ROOFING,CLOSED
10-00001920,7001 NW 93 AVE,494105-05-070-0,ABC ROOFING CORP,ROOFING OR RE-ROOFING,CLOSED
10-00002036,5614 NW 49 TER,494112-24-193-0,ABC ROOFING CORP,ROOFING OR RE-ROOFING,CLOSED
10-00002217,8009 NW 102 WAY,494106-02-112-0,ABC ROOFING CORP,ROOFING OR RE-ROOFING,CLOSED
10-00002893,7125 NW 108 AVE,494106-01-019-0,ABC ROOFING CORP,ROOFING OR RE-ROOFING,CLOSED
10-00003347,7205 NW 73 ST,494103-03-263-0,ABC ROOFING CORP,ROOFING OR RE-ROOFING,CLOSED
10-00004204,8085 ROYAL PALM CIR,494104-AA-064-0,ABC ROOFING CORP,ROOFING OR RE-ROOFING,CLOSED
11-00000660,8119 NW 73 TER,494103-18-259-0,ABC ROOFING CORP,ROOFING OR RE-ROOFING,CLOSED
11-00003470,8012 NW 105 AVE,494106-02-202-0,ABC ROOFING CORP,ROOFING OR RE-ROOFING,CLOSED
11-00003703,8085 ROYAL PALM CIR,494104-AA-064-0,ABC ROOFING CORP,ROOFING OR RE-ROOFING,CLOSED
11-00003892,8040 BUTTONWOOD CIR,494104-29-036-0,ABC ROOFING CORP,ROOFING OR RE-ROOFING,CLOSED
12-00000440,7900 N UNIVERSITY DR,494103-15-014-0,ABC ROOFING CORP,ROOFING OR RE-ROOFING,CLOSED
12-00000921,6631 NW 84 ST,494103-16-132-0,ABC ROOFING CORP,ROOFING OR RE-ROOFING,CLOSED
12-00000922,4615 NW 47 CT,494113-04-087-0,ABC ROOFING CORP,ROOFING OR RE-ROOFING,CLOSED
12-00002167,8310 NW 73 ST,494104-44-019-0,ABC ROOFING CORP,ROOFING OR RE-ROOFING,CLOSED
12-00002239,8336 NW 80 ST,494104-42-021-0,ABC ROOFING CORP,ROOFING OR RE-ROOFING,CLOSED
12-00002588,5101 NW 51 AVE,494113-07-098-0,ABC ROOFING CORP,ROOFING OR RE-ROOFING,CLOSED
12-00003531,9414 NW 73 ST,494105-03-172-0,ABC ROOFING CORP,ROOFING OR RE-ROOFING,CLOSED
12-00003923,2935 NW 46 ST,494217-04-045-0,ABC ROOFING CORP,ROOFING OR RE-ROOFING,CLOSED
12-00004169,7912 NW 71 AVE,494103-10-092-0,ABC ROOFING CORP,ROOFING OR RE-ROOFING,CLOSED
13-00000893,7902 NW 73 AVE,494103-08-039-0,ABC ROOFING CORP,ROOFING OR RE-ROOFING,CLOSED
13-00001749,5611 NW 49 TER,494112-24-202-0,ABC ROOFING CORP,ROOFING OR RE-ROOFING,CLOSED
13-00002212,7316 NW 58 ST,494110-03-129-0,ABC ROOFING CORP,ROOFING OR RE-ROOFING,CLOSED
13-00003016,9503 NW 80 ST,494105-06-045-0,ABC ROOFING CORP,ROOFING OR RE-ROOFING,CLOSED
13-00003315,8030 BUTTONWOOD CIR,494104-29-038-0,ABC ROOFING CORP,ROOFING OR RE-ROOFING,CANCELLED
13-00003696,8202 NW 91 AVE,494105-04-150-0,ABC ROOFING CORP,ROOFING OR RE-ROOFING,CLOSED
13-00004551,8120 NW 71 AVE,494103-18-160-0,ABC ROOFING CORP,ROOFING OR RE-ROOFING,CLOSED
14-00000089,8281 NW 67 AVE,494103-16-135-0,ABC ROOFING CORP,ROOFING OR RE-ROOFING,CLOSED
14-00000853,8102 NW 102 TER,494106-02-094-0,ABC ROOFING CORP,ROOFING OR RE-ROOFING,CLOSED
14-00001099,8041 NW 72 ST,494104-41-011-0,ABC ROOFING CORP,ROOFING OR RE-ROOFING,CLOSED
14-00002729,6820 NW 70 AVE,494110-05-291-0,ABC ROOFING CORP,ROOFING OR RE-ROOFING,CLOSED
14-00002729,6820 NW 70 AVE,494110-05-291-0,ABC ROOFING CORP,ROOFING OR RE-ROOFING,CLOSED
15-00000768,8203 NW 105 AVE,494106-02-247-0,ABC ROOFING CORP,ROOFING OR RE-ROOFING,CLOSED
15-00001316,5407 NW 28 AVE,494217-05-008-0,ABC ROOFING CORP,ROOFING OR RE-ROOFING,CLOSED
15-00002239,8235 NW 94 AVE,494105-09-050-0,ABC ROOFING CORP,ROOFING OR RE-ROOFING,CLOSED
15-00004080,9506 NW 66 ST,494108-05-213-0,ABC ROOFING CORP,ROOFING OR RE-ROOFING,CLOSED
15-00004862,8109 NW 72 AVE,494103-18-239-0,ABC ROOFING CORP,ROOFING OR RE-ROOFING,CLOSED
15-00004901,9893 N GRAND DUKE CIR,494108-21-050-0,ABC ROOFING CORP,ROOFING OR RE-ROOFING,CLOSED
15-00005269,4705 HOLLY DR,494114-02-061-0,ABC ROOFING CORP,ROOFING OR RE-ROOFING,CLOSED
15-00005271,6007 NW 69 AVE,494110-04-214-0,ABC ROOFING CORP,ROOFING OR RE-ROOFING,CLOSED
15-00005272,5123 WHITE OAK LN,494114-04-012-0,ABC ROOFING CORP,ROOFING OR RE-ROOFING,CLOSED
15-00005409,7100 NW 107 AVE,494106-01-090-0,ABC ROOFING CORP,ROOFING OR RE-ROOFING,CLOSED
15-00005515,6603 NW 97 AVE,494108-05-201-0,ABC ROOFING CORP,ROOFING OR RE-ROOFING,CLOSED
16-00000093,5210 NW 49 AVE,494113-07-012-0,ABC ROOFING CORP,ROOFING OR RE-ROOFING,CLOSED
16-00000376,8019 NW 101 AVE,494106-02-105-0,ABC ROOFING CORP,ROOFING OR RE-ROOFING,CLOSED
16-00000438,8107 NW 59 CT,494109-05-079-0,ABC ROOFING CORP,ROOFING OR RE-ROOFING,CLOSED
16-00000855,5805 NW 69 AVE,494110-02-007-0,ABC ROOFING CORP,ROOFING OR RE-ROOFING,CLOSED
16-00000983,8718 NW 76 CT,494104-46-104-0,ABC ROOFING CORP,ROOFING OR RE-ROOFING,CLOSED
16-00001420,7701 GRANVILLE DR,494106-12-002-0,ABC ROOFING CORP,ROOFING OR RE-ROOFING,CLOSED
16-00001819,8098 PRINCESS PALM CIR,494104-AA-027-0,ABC ROOFING CORP,ROOFING OR RE-ROOFING,CLOSED
16-00001857,9105 NW 83 ST,494105-04-141-0,ABC ROOFING CORP,ROOFING OR RE-ROOFING,CLOSED
16-00002054,8230 NW 95 AVE,494105-09-045-0,ABC ROOFING CORP,ROOFING OR RE-ROOFING,CLOSED
16-00002055,7729 BANYAN WAY,494104-32-052-0,ABC ROOFING CORP,ROOFING OR RE-ROOFING,CLOSED
16-00002175,7401 GRANVILLE DR,494106-12-002-0,ABC ROOFING CORP,ROOFING OR RE-ROOFING,IN PLAN CHECK
16-00002281,4905 NW 57 ST,494112-24-175-0,ABC ROOFING CORP,ROOFING OR RE-ROOFING,CLOSED
16-00002634,6040 NW 55 LN,494111-14-163-0,ABC ROOFING CORP,ROOFING OR RE-ROOFING,CLOSED
16-00002636,5401 NW 61 PL,494111-14-161-0,ABC ROOFING CORP,ROOFING OR RE-ROOFING,CLOSED
16-00002637,5205 NW 28 AVE,494217-02-141-0,ABC ROOFING CORP,ROOFING OR RE-ROOFING,CLOSED
16-00003869,5726 NW 85 AVE,494109-03-005-0,ABC ROOFING CORP,ROOFING OR RE-ROOFING,CLOSED
16-00003923,2718 NW 52 CT,494217-02-057-0,ABC ROOFING CORP,ROOFING OR RE-ROOFING,CLOSED
16-00004297,7891 NW 90 AVE,494105-10-028-0,ABC ROOFING CORP,ROOFING OR RE-ROOFING,CLOSED
16-00004543,8114 NW 91 AVE,494105-04-152-0,ABC ROOFING CORP,ROOFING OR RE-ROOFING,CLOSED
16-00004748,8020 NW 100 TER,494106-02-020-0,ABC ROOFING CORP,ROOFING OR RE-ROOFING,CLOSED
16-00004831,4712 NW 44 ST,494113-09-005-0,ABC ROOFING CORP,ROOFING OR RE-ROOFING,CLOSED
16-00004832,5820 N PLUM BAY PKWY,494108-21-146-0,ABC ROOFING CORP,ROOFING OR RE-ROOFING,CLOSED
16-00004833,8013 NW 72 ST,494104-41-004-0,ABC ROOFING CORP,ROOFING OR RE-ROOFING,CLOSED
16-00005203,7316 NW 58 ST,494110-03-129-0,ABC ROOFING CORP,ROOFING OR RE-ROOFING,CLOSED
17-00000245,4721 NW 49 DR,494113-11-183-0,ABC ROOFING CORP,ROOFING OR RE-ROOFING,APPROVED
17-00000518,8109 NW 75 AVE,494103-19-076-0,ABC ROOFING CORP,ROOFING OR RE-ROOFING,CLOSED
17-00002057,5740 S PLUM BAY PKWY,494108-21-011-0,ABC ROOFING CORP,ROOFING OR RE-ROOFING,CLOSED
17-00002381,5203 NW 28 AVE,494217-02-142-0,ABC ROOFING CORP,ROOFING OR RE-ROOFING,CLOSED
17-00002670,4902 NW 27 TER,494217-04-197-0,ABC ROOFING CORP,ROOFING OR RE-ROOFING,CLOSED
17-00003035,8030 BUTTONWOOD CIR,494104-29-038-0,ABC ROOFING CORP,ROOFING OR RE-ROOFING,CLOSED
17-00003036,8041 PALMETTO PALM CIR,494104-AA-049-0,ABC ROOFING CORP,ROOFING OR RE-ROOFING,CLOSED
17-00003214,8212 NW 74 TER,494103-18-085-0,ABC ROOFING CORP,ROOFING OR RE-ROOFING,CLOSED
17-00003804,7311 NW 62 ST,494110-04-367-0,ABC ROOFING CORP,ROOFING OR RE-ROOFING,CLOSED
17-00003805,4914 NW 58 ST,494112-24-007-0,ABC ROOFING CORP,ROOFING OR RE-ROOFING,CLOSED
17-00004093,9706 NW 67 ST,494108-05-154-0,ABC ROOFING CORP,ROOFING OR RE-ROOFING,CLOSED
17-00005151,6906 NW 76 DR,494103-05-103-0,ABC ROOFING CORP,ROOFING OR RE-ROOFING,CLOSED
17-00005535,10603 NW 80 CT,494106-02-293-0,ABC ROOFING CORP,ROOFING OR RE-ROOFING,CLOSED
17-00005555,8204 NW 92 AVE,494105-04-107-0,ABC ROOFING CORP,ROOFING OR RE-ROOFING,CLOSED
17-00005556,5721 NW 87 TER,494109-07-014-0,ABC ROOFING CORP,ROOFING OR RE-ROOFING,CLOSED
18-00000166,6371 NW 90 AVE,494108-11-032-0,ABC ROOFING CORP,ROOFING OR RE-ROOFING,CLOSED
18-00000166,6371 NW 90 AVE,494108-11-032-0,ABC ROOFING CORP,ROOFING OR RE-ROOFING,CLOSED
18-00000651,9507 NW 74 CT,494105-03-132-0,ABC ROOFING CORP,ROOFING OR RE-ROOFING,CLOSED
18-00000652,7211 NW 76 PL,494103-05-211-0,ABC ROOFING CORP,ROOFING OR RE-ROOFING,CLOSED
18-00000874,7137 WOODMONT WAY,494104-67-019-4,ABC ROOFING CORP,ROOFING OR RE-ROOFING,CLOSED
18-00001084,8030 NW 83 AVE,494104-42-001-0,ABC ROOFING CORP,ROOFING OR RE-ROOFING,CLOSED
18-00001910,10502 NW 80 CT,494106-02-227-0,ABC ROOFING CORP,ROOFING OR RE-ROOFING,CLOSED
18-00001912,8012 NW 83 TER,494104-42-049-0,ABC ROOFING CORP,ROOFING OR RE-ROOFING,CLOSED
18-00002908,9603 NW 72 ST,494105-03-243-0,ABC ROOFING CORP,ROOFING OR RE-ROOFING,CLOSED
18-00002909,7119 NW 107 AVE,494106-01-046-0,ABC ROOFING CORP,ROOFING OR RE-ROOFING,CLOSED
18-00003174,6900 NW 70 ST,494103-03-070-0,ABC ROOFING CORP,ROOFING OR RE-ROOFING,CLOSED
18-00003176,7211 NW 76 CT,494103-05-158-0,ABC ROOFING CORP,ROOFING OR RE-ROOFING,CLOSED
18-00003865,9609 NW 67 ST,494108-05-147-0,ABC ROOFING CORP,ROOFING OR RE-ROOFING,APPROVED
18-00004230,9610 NW 83 ST,494105-09-062-0,ABC ROOFING CORP,ROOFING OR RE-ROOFING,CLOSED
18-00004239,9501 NW 73 ST,494105-03-266-0,ABC ROOFING CORP,ROOFING OR RE-ROOFING,CLOSED
18-00004842,5707 NW 68 TER,494110-02-110-0,ABC ROOFING CORP,ROOFING OR RE-ROOFING,CLOSED
18-00005335,4904 NW 49 RD,494113-07-176-0,ABC ROOFING CORP,ROOFING OR RE-ROOFING,CLOSED
18-00005336,7025 NW 108 AVE,494106-01-026-0,ABC ROOFING CORP,ROOFING OR RE-ROOFING,CLOSED
18-00005337,9823 NW 75 CT,494105-16-202-0,ABC ROOFING CORP,ROOFING OR RE-ROOFING,CLOSED
18-00005401,8201 NW 80 ST,494104-42-006-0,ABC ROOFING CORP,ROOFING OR RE-ROOFING,CLOSED
18-00005488,7002 NW 74 PL,494103-04-002-0,ABC ROOFING CORP,ROOFING OR RE-ROOFING,CLOSED
19-00000085,5711 NW 65 TER,494110-02-204-0,ABC ROOFING CORP,ROOFING OR RE-ROOFING,CLOSED
19-00000086,9503 NW 74 CT,494105-03-134-0,ABC ROOFING CORP,ROOFING OR RE-ROOFING,CLOSED
19-00000348,4935 NW 54 ST,494113-10-179-0,ABC ROOFING CORP,ROOFING OR RE-ROOFING,CLOSED
19-00000591,8608 NW 59 ST,494109-05-199-0,ABC ROOFING CORP,ROOFING OR RE-ROOFING,DUPLICATE
19-00000694,9404 NW 80 PL,494105-06-054-0,ABC ROOFING CORP,ROOFING OR RE-ROOFING,APPROVED
18-00003921,8608 NW 59 ST,494109-05-199-0,ABC ROOFING CORP,ROOFING OR RE-ROOFING,CLOSED
19-00001181,4935 NW 54 ST,494113-10-179-0,ABC ROOFING CORP,ROOFING OR RE-ROOFING,DUPLICATE
19-00001386,8118 NW 72 AVE,494103-18-195-0,ABC ROOFING CORP,ROOFING OR RE-ROOFING,CLOSED
19-00001531,6111 NW 73 AVE,494110-04-420-0,ABC ROOFING CORP,ROOFING OR RE-ROOFING,CLOSED
19-00001600,7002 NW 74 PL,494103-04-002-0,ABC ROOFING CORP,ROOFING OR RE-ROOFING,DUPLICATE
19-00001749,6902 NW 70 ST,494103-03-071-0,ABC ROOFING CORP,ROOFING OR RE-ROOFING,CLOSED
19-00002031,6813 NW 77 ST,494103-05-006-0,ABC ROOFING CORP,ROOFING OR RE-ROOFING,CLOSED
19-00002299,8330 NW 73 ST,494104-44-017-0,ABC ROOFING CORP,ROOFING OR RE-ROOFING,CLOSED
19-00002441,9511 NW 80 ST,494105-06-056-0,ABC ROOFING CORP,ROOFING OR RE-ROOFING,CLOSED
19-00003000,8336 NW 80 ST,494104-42-021-0,ABC ROOFING CORP,ROOFING OR RE-ROOFING,CLOSED
19-00003001,7004 NW 94 AVE,494105-02-080-0,ABC ROOFING CORP,ROOFING OR RE-ROOFING,CLOSED
19-00003070,4902 HOLLY DR,494114-02-110-0,ABC ROOFING CORP,ROOFING OR RE-ROOFING,CLOSED
19-00003539,8307 NW 75 AVE,494103-18-095-0,ABC ROOFING CORP,ROOFING OR RE-ROOFING,CLOSED
19-00003540,9400 NW 74 ST,494105-03-156-0,ABC ROOFING CORP,ROOFING OR RE-ROOFING,CLOSED
19-00004005,7712 NW 78 PL,494104-73-025-0,ABC ROOFING CORP,ROOFING OR RE-ROOFING,CLOSED
19-00004780,9111 NW 82 CT,494105-04-064-0,ABC ROOFING CORP,ROOFING OR RE-ROOFING,CLOSED
19-00004809,6183 LIVE OAK CT,494111-10-042-3,ABC ROOFING CORP,ROOFING OR RE-ROOFING,CLOSED
19-00004925,9500 NW 82 ST,494105-09-024-0,ABC ROOFING CORP,ROOFING OR RE-ROOFING,CLOSED
19-00005136,8008 NW 107 TER,494106-02-284-0,ABC ROOFING CORP,ROOFING OR RE-ROOFING,CLOSED
20-00000103,8151 NW 88 AVE,494105-17-003-0,ABC ROOFING CORP,ROOFING OR RE-ROOFING,CLOSED
20-00000294,6807 NW 76 ST,494103-05-125-0,ABC ROOFING CORP,ROOFING OR RE-ROOFING,CLOSED
20-00000465,6805 NW 73 ST,494103-03-019-0,ABC ROOFING CORP,ROOFING OR RE-ROOFING,CLOSED
20-00000654,7106 NW 107 AVE,494106-01-091-0,ABC ROOFING CORP,ROOFING OR RE-ROOFING,CLOSED
20-00000655,9609 NW 66 CT,494108-05-161-0,ABC ROOFING CORP,ROOFING OR RE-ROOFING,CLOSED
20-00000933,7503 NW 72 TER,494103-04-092-0,ABC ROOFING CORP,ROOFING OR RE-ROOFING,APPROVED
20-00001257,7403 NW 76 ST,494103-07-027-0,ABC ROOFING CORP,ROOFING OR RE-ROOFING,CLOSED
